"liability_owner","legal_entity_id","info_type","credit_status","valid_from","valid_to"
19033273,19033273,"CC","1",2020-04-20,2023-04-20
11734957,11734957,"CC","1",2020-07-16,2025-07-16
8897534,8897534,"CC","1",2022-04-14,2025-04-14
18640097,18640097,"CC","1",2020-12-13,2023-12-13
6272109,6272109,"CC","1",2021-01-25,2024-01-25
9733595,9733595,"CC","1",2021-05-31,2024-05-31
18640097,18640097,"CC","1",2020-04-16,2023-04-16
14994169,14994169,"CC","1",2020-02-06,2023-02-06
3417454,3417454,"CC","4",2018-04-19,2038-04-19
5610779,5610779,"CC","1",2020-09-15,2023-09-15
18444871,18444871,"CC","1",2020-10-06,2023-10-06
12947635,12947635,"CC","4",2021-12-23,2041-12-23
2726191,2726191,"CC","1",2020-03-09,2023-03-09
18625785,18625785,"CC","1",2014-03-12,2017-03-12
2597732,2597732,"CC","1",2022-06-13,2025-06-13
18640097,18640097,"CC","1",2021-03-09,2026-03-09
6272109,6272109,"CC","1",2021-02-15,2024-02-15
2133974,2133974,"CC","1",2022-04-29,2025-04-29
18444310,18444310,"CC","1",2022-05-16,2025-05-16
2133974,2133974,"CC","1",2021-05-21,2024-05-21
15455396,15455396,"CC","1",2022-06-28,2025-06-28
15455396,15455396,"CC","1",2022-06-28,2025-06-28
6837090,6837090,"CC","1",2020-09-07,2023-09-07
19294997,19294997,"CC","1",2022-09-27,2025-09-27
2184701,2184701,"CC","4",2022-04-07,2042-04-07
2184701,2184701,"CC","1",2022-05-16,2025-05-16
2597732,2597732,"CC","2",2022-08-09,2025-08-09
2597732,2597732,"CC","1",2022-08-11,2025-08-11
14234805,14234805,"CC","1",2021-05-17,2024-05-17
10075417,10075417,"CC","1",2021-01-07,2024-01-07
18640097,18640097,"CC","1",2021-02-15,2024-02-15
10317261,10317261,"CC","1",1997-02-03,2000-02-03
14099783,14099783,"CC","1",1996-05-06,1999-05-06
8657106,8657106,"CC","4",2003-12-04,2023-12-04
17726481,17726481,"CC","1",2000-02-24,2003-02-24
7062725,7062725,"CC","4",1996-05-01,2016-05-01
13654847,13654847,"CC","1",1997-12-15,2000-12-15
9758231,9758231,"CC","1",2000-01-16,2003-01-16
9978239,9978239,"CC","4",1997-11-04,2007-11-04
1730024,1730024,"CC","2",1996-07-29,2001-07-29
9978239,9978239,"CC","4",1999-09-23,2019-09-23
9978239,9978239,"CC","4",1999-02-02,2009-02-02
2470777,2470777,"CC","4",2002-09-18,2022-09-18
1110178,1110178,"CC","1",1997-03-29,2000-03-29
7062725,7062725,"CC","3",1994-07-25,1999-07-25
15567152,15567152,"CC","0",1999-12-06,2004-12-06
5347438,5347438,"CC","1",2007-05-16,2010-05-16
6257900,6257900,"CC","2",1998-01-26,2003-01-26
9594981,9594981,"CC","2",2000-09-27,2005-09-27
9978239,9978239,"CC","1",2012-03-28,2015-03-28
6257900,6257900,"CC","4",2000-10-16,2010-10-16
12609495,12609495,"CC","2",2001-01-29,2006-01-29
15645295,15645295,"CC","3",2003-03-07,2008-03-07
19073528,19073528,"CC","2",2000-11-27,2005-11-27
13602342,13602342,"CC","3",2000-09-28,2005-09-28
7062725,7062725,"CC","4",2012-05-30,2015-05-30
18840617,18840617,"CC","0",1999-09-02,2004-09-02
9696030,7765435,"CC","1",2012-02-28,2015-02-28
7062725,7062725,"CC","1",2012-03-14,2015-03-14
9696030,7765435,"CC","1",2003-03-20,2006-03-20
3441587,3441587,"CC","1",2004-03-17,2007-03-17
12477386,12477386,"CC","2",2002-08-11,2007-08-11
2470777,2470777,"CC","4",2002-09-18,2005-09-18
9696030,7765435,"CC","1",2003-02-05,2006-02-05
9733595,9733595,"CC","1",2001-05-10,2004-05-10
2492654,2492654,"CC","1",2015-12-31,2018-12-31
2767826,2767826,"CC","2",2003-03-19,2008-03-19
7062725,7062725,"CC","1",2013-12-04,2016-12-04
9232442,9232442,"CC","1",2002-12-18,2005-12-18
9733595,9733595,"CC","2",2004-03-17,2007-03-17
10172360,10172360,"CC","1",2003-06-18,2006-06-18
1730024,1730024,"CC","1",2003-10-16,2006-10-16
12012487,12012487,"CC","4",2004-02-18,2007-02-18
4393486,4393486,"CC","4",2006-07-10,2026-07-10
6272109,6272109,"CC","1",2002-03-08,2005-03-08
12012487,12012487,"CC","4",2004-02-12,2007-02-12
19073528,19073528,"CC","3",2003-06-24,2006-06-24
19126115,19126115,"CC","1",1997-06-24,2000-06-24
2548884,2548884,"CC","2",1997-03-11,2002-03-11
6257900,6257900,"CC","1",2013-09-19,2016-09-19
4604431,4604431,"CC","1",2000-02-01,2003-02-01
8898498,9315207,"CC","2",1998-01-01,2003-01-01
13654847,13654847,"CC","4",1996-07-03,2006-07-03
3417057,3417057,"CC","1",2013-08-19,2016-08-19
15645295,15645295,"CC","4",2006-02-28,2009-02-28
17726481,17726481,"CC","1",2005-01-06,2008-01-06
11231069,11231069,"CC","1",2014-01-14,2014-01-14
15645295,15645295,"CC","1",2001-10-27,2006-10-27
11954381,11954381,"CC","2",2003-04-01,2006-04-01
6272109,6272109,"CC","1",2001-07-21,2004-07-21
226763,226763,"CC","0",2001-05-15,2006-05-15
11231069,11231069,"CC","2",2000-08-29,2005-08-29
11231069,11231069,"CC","1",1998-11-03,2001-11-03
11231069,11231069,"CC","1",2005-08-09,2008-08-09
624927,624927,"CC","3",2009-11-08,2014-11-08
15250065,15250065,"CC","2",1998-06-30,2003-06-30
10317261,10317261,"CC","2",1999-12-01,2004-12-01
15645295,15645295,"CC","1",2000-11-27,2003-11-27
5372185,5372185,"CC","4",2010-03-10,2020-03-10
11573797,11573797,"CC","1",2007-03-29,2010-03-29
2832573,2832573,"CC","2",2002-07-15,2005-07-15
18484612,18484612,"CC","4",2002-06-27,2022-06-27
15645295,15645295,"CC","1",2004-05-27,2007-05-27
7062725,7062725,"CC","4",2005-08-29,2025-08-29
7062725,7062725,"CC","2",2004-10-18,2009-10-18
10317261,10317261,"CC","1",2000-04-06,2003-04-06
7062725,7062725,"CC","2",2004-12-03,2009-12-03
10274399,10274399,"CC","1",2010-08-24,2013-08-24
18543051,18543051,"CC","1",2006-07-31,2009-07-31
15645295,15645295,"CC","3",2004-11-30,2009-11-30
5372185,5372185,"CC","1",2008-06-12,2011-06-12
9978239,9978239,"CC","1",2001-07-10,2004-07-10
9978239,9978239,"CC","1",2002-05-17,2005-05-17
2053050,2053050,"CC","2",2003-07-08,2006-07-08
3417454,3417454,"CC","3",2002-05-22,2007-05-22
9696030,9696030,"CC","1",2004-05-18,2007-05-18
7062725,7062725,"CC","4",1995-05-01,2015-05-01
8265844,8265844,"CC","4",2001-03-13,2011-03-13
9696030,9696030,"CC","1",2004-02-23,2007-02-23
9696030,9696030,"CC","4",2004-02-23,2024-02-23
9696030,9696030,"CC","4",2004-02-23,2024-02-23
13992527,13992527,"CC","1",1996-03-29,1999-03-29
4205225,4205225,"CC","1",2003-03-31,2006-03-31
5338227,5338227,"CC","3",1998-01-15,2003-01-15
11841120,11841120,"CC","2",2003-08-28,2008-08-28
1636569,1636569,"CC","1",2003-09-17,2006-09-17
19073528,19073528,"CC","4",2003-08-06,2006-08-06
19126115,19126115,"CC","1",2004-05-04,2007-05-04
14234805,14234805,"CC","2",2004-10-07,2009-10-07
10317261,10317261,"CC","2",2003-07-23,2008-07-23
8543410,8543410,"CC","2",2005-05-17,2010-05-17
8543410,8543410,"CC","4",2009-12-31,2012-12-31
18484612,18484612,"CC","4",2004-10-06,2007-10-06
7062725,7062725,"CC","4",2017-01-10,2020-01-10
7062725,7062725,"CC","3",2007-12-30,2012-12-30
8265844,8265844,"CC","4",2006-04-06,2009-04-06
19126115,19126115,"CC","1",2002-02-26,2007-02-26
19294997,19294997,"CC","1",2008-05-30,2011-05-30
13654847,13654847,"CC","4",2005-01-29,2015-01-29
4642272,4642272,"CC","1",2009-01-12,2012-01-12
5347438,5347438,"CC","1",2007-10-01,2010-10-01
2638935,2638935,"CC","1",2000-02-25,2003-02-25
1779935,1779935,"CC","3",2004-10-23,2009-10-23
12653318,12653318,"CC","1",2004-02-24,2007-02-24
12653318,12653318,"CC","4",2003-04-16,2006-04-16
12653318,12653318,"CC","4",2006-12-13,2026-12-13
15645295,15645295,"CC","4",2004-11-22,2024-11-22
12947635,12947635,"CC","1",2005-11-21,2008-11-21
13992527,13992527,"CC","4",1994-12-19,2014-12-19
5338227,5338227,"CC","2",2002-12-30,2007-12-30
12913420,12913420,"CC","1",2002-07-16,2005-07-16
7447391,7447391,"CC","1",2005-08-15,2008-08-15
19294997,19294997,"CC","1",2010-08-16,2013-08-16
7062725,7062725,"CC","1",2012-04-25,2015-04-25
15911905,15911905,"CC","1",2009-04-30,2012-04-30
15337171,15337171,"CC","4",2004-05-25,2007-05-25
18484612,18484612,"CC","4",2003-09-05,2023-09-05
5399673,5399673,"CC","0",2010-11-30,2013-11-30
11610526,11610526,"CC","1",2001-12-08,2004-12-08
9437190,9437190,"CC","1",2007-09-14,2010-09-14
2638935,2638935,"CC","1",2005-11-30,2008-11-30
12947635,12947635,"CC","4",2005-12-23,2008-12-23
4461364,4461364,"CC","1",2000-10-20,2003-10-20
1730024,1730024,"CC","4",2001-09-04,2021-09-04
4642272,4642272,"CC","1",2002-04-24,2005-04-24
6091833,6091833,"CC","1",2003-08-28,2006-08-28
13602342,13602342,"CC","4",1999-08-17,2002-08-17
17726481,17726481,"CC","0",2003-01-01,2006-01-01
13602342,13602342,"CC","4",2004-06-15,2007-06-15
5245446,5245446,"CC","1",2006-07-27,2009-07-27
13602342,13602342,"CC","2",1998-07-08,2001-07-08
7062725,7062725,"CC","1",2015-01-07,2018-01-07
5454084,5454084,"CC","1",2007-06-26,2010-06-26
13654847,13654847,"CC","4",2005-06-20,2025-06-20
7062725,7062725,"CC","4",2006-11-13,2009-11-13
7062725,7062725,"CC","3",2001-05-14,2006-05-14
6872669,6872669,"CC","1",2003-03-12,2008-03-12
7062725,7062725,"CC","2",2005-05-04,2010-05-04
9978239,9978239,"CC","1",2004-03-26,2007-03-26
13980567,13980567,"CC","1",2008-05-19,2011-05-19
19073528,19073528,"CC","1",2006-10-09,2009-10-09
13654847,13654847,"CC","1",2005-08-10,2008-08-10
4642272,4642272,"CC","2",2002-04-05,2005-04-05
5453542,5453542,"CC","4",2007-01-30,2010-01-30
9978239,9978239,"CC","1",2006-09-26,2009-09-26
8898498,8898498,"CC","1",2007-08-06,2010-08-06
10950330,10950330,"CC","1",2007-08-03,2010-08-03
9437190,9437190,"CC","1",2007-10-15,2010-10-15
11231069,11231069,"CC","1",2009-06-30,2012-06-30
624927,624927,"CC","1",2009-03-31,2012-03-31
13654847,13654847,"CC","1",2002-06-10,2005-06-10
12477386,12477386,"CC","1",2005-01-31,2008-01-31
6257900,6257900,"CC","1",2000-11-06,2003-11-06
11573797,11573797,"CC","4",2015-09-28,2018-09-28
7510499,7510499,"CC","1",2006-01-11,2009-01-11
14234805,14234805,"CC","1",2008-11-04,2011-11-04
10075417,10075417,"CC","1",2008-11-07,2011-11-07
19073528,19073528,"CC","1",2007-01-12,2010-01-12
3441587,3441587,"CC","1",2003-04-10,2006-04-10
15337171,15337171,"CC","4",2008-12-22,2028-12-22
13654847,13654847,"CC","4",2022-01-10,2042-01-10
6924887,6924887,"CC","1",2012-05-31,2015-05-31
9978239,9978239,"CC","1",2007-03-26,2010-03-26
16250422,16250422,"CC","1",2006-03-16,2009-03-16
10274399,10274399,"CC","4",2007-04-11,2027-04-11
10956998,10956998,"CC","1",2007-06-21,2007-06-21
2276447,2276447,"CC","1",2008-10-16,2011-10-16
19104656,19104656,"CC","2",2009-05-27,2014-05-27
14630692,14630692,"CC","4",2008-03-13,2028-03-13
9978239,9978239,"CC","1",2010-01-25,2013-01-25
10075417,10075417,"CC","1",2008-03-31,2011-03-31
10075417,10075417,"CC","4",2009-10-07,2019-10-07
12653318,12653318,"CC","1",2006-12-13,2009-12-13
12653318,12653318,"CC","1",2006-12-13,2009-12-13
14994169,14994169,"CC","1",2011-04-18,2014-04-18
9978239,9978239,"CC","1",2010-06-29,2013-06-29
9978239,9978239,"CC","1",2010-03-08,2013-03-08
2184701,2184701,"CC","1",2012-12-19,2015-12-19
7062725,7062725,"CC","4",2011-03-03,2031-03-03
14630692,14630692,"CC","1",2008-03-13,2011-03-13
12947635,12947635,"CC","4",2003-10-14,2006-10-14
12130205,12130205,"CC","3",2007-02-07,2012-02-07
10317261,10317261,"CC","1",2003-06-10,2006-06-10
6257900,6257900,"CC","1",2005-12-02,2008-12-02
18651157,18651157,"CC","1",2010-11-12,2013-11-12
7062725,7062725,"CC","4",2012-04-30,2017-04-30
15455396,15455396,"CC","1",2008-01-13,2011-01-13
13602342,13602342,"CC","2",2004-03-03,2007-03-03
12947635,12947635,"CC","1",2002-01-12,2005-01-12
13980567,13980567,"CC","4",2009-01-26,2029-01-26
5372185,5372185,"CC","4",2008-12-12,2028-12-12
3186275,6170215,"CC","1",2001-08-23,2004-08-23
14250193,14250193,"CC","2",2003-10-17,2006-10-17
13602342,13602342,"CC","2",2000-09-06,2003-09-06
9985123,9985123,"CC","3",2009-04-30,2014-04-30
516787,516787,"CC","1",2010-03-24,2013-03-24
6924887,6924887,"CC","1",2010-08-31,2013-08-31
9978239,9978239,"CC","2",2008-08-19,2011-08-19
5343499,5343499,"CC","1",2008-07-15,2011-07-15
19104656,19104656,"CC","4",2006-12-08,2026-12-08
3417454,3417454,"CC","4",2006-10-19,2026-10-19
7062725,7062725,"CC","1",2009-02-19,2012-02-19
14234805,14234805,"CC","1",2011-06-09,2014-06-09
2184701,2184701,"CC","4",2012-12-19,2015-12-19
7062725,7062725,"CC","1",2014-05-08,2017-05-08
12947635,12947635,"CC","4",2006-11-25,2026-11-25
19104656,19104656,"CC","1",2009-07-21,2012-07-21
7309430,7309430,"CC","2",2008-08-25,2013-08-25
7309430,7309430,"CC","2",2007-07-23,2012-07-23
9978239,9978239,"CC","1",2010-02-19,2010-02-19
9978239,9978239,"CC","1",2010-07-21,2013-07-21
13992527,13992527,"CC","4",1995-01-04,2005-01-04
12947635,12947635,"CC","4",2008-08-14,2018-08-14
19126115,19126115,"CC","3",1997-11-25,2002-11-25
11573797,11573797,"CC","4",2012-04-17,2032-04-17
1256774,1256774,"CC","1",2012-04-25,2015-04-25
2184701,2184701,"CC","1",2010-10-07,2013-10-07
2184701,2184701,"CC","1",2010-11-04,2013-11-04
6257900,6257900,"CC","1",1997-07-08,2000-07-08
14234805,14234805,"CC","2",2004-11-22,2009-11-22
7062725,7062725,"CC","1",2013-09-03,2016-09-03
11573797,11573797,"CC","1",2005-11-22,2008-11-22
18726677,18726677,"CC","1",2005-07-19,2008-07-19
624927,624927,"CC","1",2007-07-11,2010-07-11
16250422,16250422,"CC","1",1996-01-08,1999-01-08
5399673,5399673,"CC","1",2006-04-27,2009-04-27
9985123,9985123,"CC","1",2006-07-02,2009-07-02
18484612,18484612,"CC","1",2003-03-24,2006-03-24
13912036,13912036,"CC","1",2005-09-08,2008-09-08
11573797,11573797,"CC","4",2016-10-31,2036-10-31
14234805,14234805,"CC","1",2011-07-05,2014-07-05
17726481,17726481,"CC","1",2000-07-25,2003-07-25
16250422,16250422,"CC","2",2009-12-22,2014-12-22
3417057,3417057,"CC","1",2012-02-29,2015-02-28
3417057,3417057,"CC","1",2012-10-09,2015-10-09
7999803,7999803,"CC","0",2001-10-22,2006-10-22
5101874,5101874,"CC","3",2014-07-04,2019-07-04
8898498,8898498,"CC","1",2009-04-02,2014-04-02
3498610,3498610,"CC","3",2001-09-26,2006-09-26
9696030,9696030,"CC","3",2003-03-20,2008-03-20
9978239,9978239,"CC","3",2006-02-24,2011-02-24
8543410,8543410,"CC","4",2008-05-30,2011-05-30
11124878,11124878,"CC","1",2003-10-30,2006-10-30
9594981,9594981,"CC","4",2006-05-25,2016-05-25
11610526,11610526,"CC","1",2000-12-01,2003-12-01
12947635,12947635,"CC","4",2008-07-24,2011-07-24
13980567,13980567,"CC","1",2010-04-27,2013-04-27
13574543,13574543,"CC","1",2012-01-20,2015-01-20
11573797,11573797,"CC","1",2013-11-26,2016-11-26
7062725,7062725,"CC","1",1998-11-10,2001-11-10
7506988,7506988,"CC","2",1998-05-12,2003-05-12
15250065,15250065,"CC","2",1998-04-23,2003-04-23
15250065,15250065,"CC","2",1998-04-23,2003-04-23
5338227,5338227,"CC","2",1999-09-15,2004-09-15
19294997,19294997,"CC","1",2012-04-11,2015-04-11
16612644,16612644,"CC","1",2009-06-30,2012-06-30
12130205,12130205,"CC","1",2010-11-30,2013-11-30
7062725,7062725,"CC","1",2014-11-04,2017-11-04
5399673,5399673,"CC","1",2004-05-05,2007-05-05
1730024,1730024,"CC","3",2007-04-30,2012-04-30
19104656,19104656,"CC","4",2003-01-14,2008-01-14
13602342,13602342,"CC","1",2002-11-07,2005-11-07
16250422,16250422,"CC","1",2009-12-14,2012-12-14
624927,624927,"CC","1",2010-10-29,2013-10-29
18726677,18726677,"CC","1",2008-09-05,2011-09-05
3498610,3498610,"CC","1",2011-02-22,2014-02-22
5453542,5453542,"CC","4",2015-08-14,2035-08-14
13736201,13736201,"CC","1",2013-11-22,2016-11-22
3417057,3417057,"CC","1",2015-02-25,2018-02-25
5372185,5372185,"CC","4",2009-04-17,2029-04-17
12477386,12477386,"CC","4",2014-03-13,2034-03-13
4642272,4642272,"CC","1",2008-04-04,2011-04-04
1779935,1779935,"CC","1",2008-01-03,2011-01-03
12010380,12010380,"CC","0",2000-06-21,2005-06-21
10355038,10355038,"CC","2",2007-12-17,2012-12-17
18913824,18913824,"CC","4",2007-10-31,2017-10-31
7062725,7062725,"CC","1",2004-07-12,2007-07-12
7309430,7309430,"CC","4",2008-06-26,2011-06-26
7447391,7447391,"CC","1",2007-05-30,2010-05-30
1636569,1636569,"CC","1",2007-10-01,2010-10-01
5454084,5454084,"CC","0",2011-05-31,2014-05-31
2184701,2184701,"CC","3",2011-05-23,2016-05-23
10355038,10355038,"CC","1",2009-10-26,2012-10-26
9594981,9594981,"CC","1",2006-02-02,2009-02-02
13654847,13654847,"CC","1",2003-10-22,2006-10-22
12653318,12653318,"CC","4",2006-12-13,2026-12-13
12130205,12130205,"CC","2",2004-02-02,2009-02-02
19104656,19104656,"CC","4",2013-04-15,2033-04-15
18207471,18207471,"CC","1",2013-04-25,2016-04-25
13790037,13790037,"CC","1",2014-01-07,2017-01-07
10355038,10355038,"CC","2",2007-09-07,2010-09-07
4393486,4393486,"CC","4",2006-07-05,2009-07-05
7062725,7062725,"CC","4",2005-06-13,2008-06-13
9978239,9978239,"CC","1",2001-03-13,2004-03-13
16867792,16867792,"CC","1",2004-03-16,2007-03-16
17216655,17216655,"CC","1",2006-04-05,2009-04-05
13602342,13602342,"CC","1",2012-02-16,2015-02-16
1110178,1110178,"CC","1",2006-06-23,2009-06-23
8265844,8265844,"CC","2",2010-03-08,2015-03-08
7062725,7062725,"CC","1",2013-10-03,2016-10-03
7731426,7731426,"CC","1",2014-02-06,2017-02-06
3417057,3417057,"CC","1",2014-02-12,2019-02-12
3417057,3417057,"CC","1",2014-03-24,2019-03-24
13980567,13980567,"CC","2",2009-10-30,2019-10-30
3498610,3498610,"CC","1",2012-10-31,2015-10-31
7062725,7062725,"CC","1",2012-10-01,2015-10-01
7062725,7062725,"CC","1",2012-05-10,2015-05-10
11231069,11231069,"CC","1",2010-02-24,2013-02-24
13654847,13654847,"CC","4",2021-08-03,2041-08-03
6195857,6195857,"CC","3",2013-12-30,2018-12-30
1794518,1794518,"CC","4",2006-12-09,2026-12-09
11573797,11573797,"CC","2",2004-08-13,2009-08-13
3941337,3941337,"CC","1",2006-06-13,2009-06-13
6257900,6257900,"CC","1",2007-12-04,2010-12-04
7447391,7447391,"CC","1",2001-01-13,2004-01-13
1730024,1730024,"CC","1",2006-08-14,2009-08-14
7062725,7062725,"CC","4",2011-05-31,2031-05-31
7062725,7062725,"CC","2",1998-04-23,2003-04-23
7062725,7062725,"CC","2",1998-04-23,2003-04-23
18625785,18625785,"CC","2",1998-01-29,2003-01-29
5399673,5399673,"CC","1",2004-10-12,2007-10-12
6272109,6272109,"CC","1",2001-07-21,2004-07-21
7062725,7062725,"CC","2",2010-10-13,2015-10-13
7062725,7062725,"CC","2",2010-10-13,2015-10-13
3498610,3498610,"CC","1",2012-09-18,2015-09-18
11573797,11573797,"CC","4",2017-12-04,2020-12-04
3647877,3647877,"CC","0",2001-07-03,2006-07-03
13602342,13602342,"CC","4",2001-03-26,2011-03-26
10519655,10519655,"CC","2",2012-10-31,2017-10-31
9594981,9594981,"CC","1",2002-08-07,2005-08-07
18444871,18444871,"CC","0",2001-04-04,2006-04-04
7062725,7062725,"CC","3",1997-01-15,2002-01-15
7062725,7062725,"CC","3",1995-01-23,2000-01-23
9978239,9978239,"CC","1",2007-04-04,2010-04-04
18913824,18913824,"CC","2",2009-09-30,2014-09-30
11573797,11573797,"CC","4",2014-01-20,2024-01-20
19294997,19294997,"CC","1",2015-02-06,2018-02-06
13602342,13602342,"CC","1",1998-11-27,2001-11-27
7506988,7506988,"CC","2",1998-08-18,2003-08-18
18625785,18625785,"CC","2",1998-06-30,2003-06-30
16250422,16250422,"CC","1",2017-10-02,2020-10-02
7062725,7062725,"CC","2",1998-06-30,2003-06-30
9978239,9978239,"CC","4",1999-11-17,2019-11-17
19126115,19126115,"CC","1",1997-01-21,2000-01-21
10317261,10317261,"CC","4",2009-10-27,2019-10-27
6257900,6257900,"CC","3",2005-01-22,2010-01-22
9733595,9733595,"CC","1",2002-07-23,2007-07-23
8103410,8103410,"CC","1",2005-03-03,2008-03-03
7062725,7062725,"CC","1",2004-06-15,2007-06-15
7604216,7604216,"CC","1",2004-10-06,2007-10-06
19073528,19073528,"CC","1",2003-12-12,2006-12-12
18484612,18484612,"CC","2",2010-10-13,2015-10-13
10950330,10950330,"CC","2",1992-02-23,1997-02-23
5338227,5338227,"CC","1",2001-11-07,2004-11-07
4642272,4642272,"CC","1",2002-01-30,2005-01-30
9716257,9716257,"CC","4",2011-02-17,2014-02-17
5454084,5454084,"CC","2",1996-06-20,2001-06-20
9978239,9978239,"CC","4",2002-05-10,2005-05-10
1655708,1655708,"CC","1",2001-08-11,2004-08-11
1110178,1110178,"CC","1",1999-12-29,2002-12-29
9978239,9978239,"CC","4",1998-04-11,2008-04-11
9978239,9978239,"CC","4",2003-01-29,2013-01-29
14697145,14697145,"CC","1",2003-01-29,2006-01-29
15645295,15645295,"CC","3",2004-10-29,2009-10-29
7062725,7062725,"CC","1",2003-04-09,2006-04-09
7062725,7062725,"CC","1",2003-04-09,2006-04-09
12130205,12130205,"CC","3",2004-06-03,2009-06-03
7062725,7062725,"CC","2",2014-08-31,2019-08-31
7062725,7062725,"CC","1",2017-09-01,2020-09-01
19104656,19104656,"CC","4",2022-01-24,2042-01-24
1730024,1730024,"CC","1",2005-08-24,2008-08-24
17726481,17726481,"CC","1",2002-11-26,2005-11-26
1730024,1730024,"CC","1",2005-08-25,2008-08-25
9978239,9978239,"CC","4",2000-04-05,2020-04-05
16250422,16250422,"CC","1",2004-11-30,2007-11-30
18625785,18625785,"CC","1",2003-03-10,2006-03-10
18625785,18625785,"CC","1",2003-03-10,2006-03-10
16867792,16867792,"CC","1",2001-10-27,2004-10-27
9978239,9978239,"CC","1",2002-04-13,2005-04-13
8543410,8543410,"CC","2",2006-05-31,2011-05-31
11573797,11573797,"CC","4",2012-01-31,2032-01-31
13654847,13654847,"CC","4",1996-07-01,2016-07-01
9978239,9978239,"CC","4",2003-09-09,2013-09-09
16066579,16066579,"CC","1",2004-04-02,2007-04-02
15875018,15875018,"CC","1",2007-08-03,2010-08-03
1730024,1730024,"CC","1",2002-04-20,2005-04-20
13654847,13654847,"CC","4",2007-08-23,2017-08-23
4642272,4642272,"CC","1",2008-12-22,2011-12-22
10274399,10274399,"CC","4",2007-04-11,2027-04-11
9978239,9978239,"CC","4",2007-01-29,2010-01-29
19073528,19073528,"CC","1",2000-11-01,2003-11-01
13654847,13654847,"CC","4",2005-07-13,2015-07-13
14630692,14630692,"CC","2",2008-09-09,2011-09-09
8898498,8898498,"CC","1",2005-07-05,2005-07-05
9978239,9978239,"CC","4",2009-04-30,2029-04-30
9978239,9978239,"CC","4",1998-04-11,2018-04-11
14234805,14234805,"CC","1",2008-12-03,2011-12-03
10075417,10075417,"CC","1",2010-12-23,2013-12-23
8103410,8103410,"CC","1",2004-10-14,2007-10-14
7062725,7062725,"CC","2",2003-06-25,2008-06-25
7062725,7062725,"CC","1",2003-07-31,2006-07-31
13654847,13654847,"CC","4",2001-09-26,2021-09-26
9696030,9696030,"CC","3",2003-02-05,2008-02-05
9978239,9978239,"CC","3",2003-03-07,2008-03-07
14758926,14758926,"CC","1",2009-05-28,2012-05-28
12653318,12653318,"CC","1",2009-03-20,2012-03-20
13654847,13654847,"CC","4",2008-02-27,2018-02-27
7062725,7062725,"CC","4",2003-10-15,2023-10-15
6257900,6257900,"CC","1",2005-07-25,2008-07-25
6257900,6257900,"CC","1",2000-10-17,2005-10-17
9985123,9985123,"CC","1",2006-08-04,2009-08-04
12477386,12477386,"CC","1",2002-06-12,2005-06-12
11573797,11573797,"CC","3",2006-05-30,2011-05-30
13992527,13992527,"CC","1",1996-07-19,1999-07-19
13992527,13992527,"CC","1",1996-07-19,1999-07-19
19073528,19073528,"CC","1",2005-11-07,2008-11-07
5338227,5338227,"CC","2",2007-02-20,2012-02-20
6257900,6257900,"CC","1",2003-06-17,2006-06-17
6257900,6257900,"CC","1",2002-11-19,2005-11-19
9716257,9716257,"CC","4",2008-06-16,2028-06-16
19104656,19104656,"CC","1",2017-04-12,2020-04-12
15250065,15250065,"CC","1",2000-03-24,2003-03-24
11573797,11573797,"CC","3",2005-06-23,2010-06-23
3498610,3498610,"CC","4",2018-07-03,2021-07-03
7062725,7062725,"CC","1",2011-09-06,2014-09-06
11841120,11841120,"CC","1",2010-11-01,2013-11-01
5372185,5372185,"CC","1",2011-02-16,2014-02-16
16250422,16250422,"CC","2",2010-10-07,2013-10-07
5338227,5338227,"CC","1",2002-08-13,2005-08-13
2746041,2746041,"CC","1",2004-05-17,2007-05-17
13654847,13654847,"CC","4",2005-10-06,2015-10-06
13654847,13654847,"CC","4",2005-10-06,2015-10-06
12947635,12947635,"CC","1",2006-04-25,2009-04-25
13654847,13654847,"CC","1",2004-08-16,2007-08-16
12130205,12130205,"CC","1",2005-04-18,2008-04-18
7062725,7062725,"CC","4",2005-07-29,2008-07-29
19104656,19104656,"CC","1",2005-09-07,2008-09-07
9696030,7765435,"CC","1",2004-05-18,2007-05-18
15645295,15645295,"CC","4",2005-01-24,2025-01-24
9696030,9696030,"CC","2",2002-06-13,2007-06-13
9985123,9985123,"CC","1",2008-08-20,2011-08-20
9978239,9978239,"CC","1",2010-05-27,2010-05-27
18651157,18651157,"CC","1",2011-03-21,2014-03-21
11573797,11573797,"CC","3",2006-06-15,2011-06-15
11573797,11573797,"CC","1",2006-03-17,2009-03-17
18484612,18484612,"CC","1",2005-12-29,2008-12-29
7309430,7309430,"CC","2",2008-09-09,2013-09-09
7309430,7309430,"CC","3",2009-06-10,2014-06-10
7309430,7309430,"CC","4",2008-10-31,2028-10-31
7309430,7309430,"CC","4",2008-09-03,2028-09-03
2548884,2548884,"CC","1",2000-02-25,2003-02-25
7062725,7062725,"CC","1",2003-03-14,2006-03-14
1730024,1730024,"CC","3",2001-06-06,2006-06-06
1730024,1730024,"CC","4",2002-06-01,2005-06-01
1730024,1730024,"CC","1",2002-05-28,2005-05-28
9978239,9978239,"CC","1",2004-10-01,2007-10-01
13912036,13912036,"CC","1",2002-07-24,2005-07-24
13980567,13980567,"CC","4",2009-04-15,2029-04-15
11734957,11734957,"CC","4",2008-08-27,2011-08-27
10355038,10355038,"CC","1",2009-05-29,2012-05-29
7062725,7062725,"CC","1",2003-10-15,2006-10-15
7062725,7062725,"CC","4",2012-04-25,2015-04-25
10355038,10355038,"CC","1",2009-02-06,2012-02-06
7309430,7309430,"CC","1",2007-02-26,2010-02-26
5343499,5343499,"CC","1",2006-07-11,2009-07-11
16867792,16867792,"CC","1",2000-11-11,2003-11-11
4642272,4642272,"CC","1",2009-09-22,2012-09-22
7062725,7062725,"CC","1",2013-04-18,2016-04-18
6972727,6972727,"CC","1",2010-06-30,2013-06-30
18913824,18913824,"CC","4",2010-01-29,2020-01-29
19104656,19104656,"CC","4",2010-09-30,2020-09-30
11754001,11754001,"CC","1",2014-09-05,2017-09-05
14838122,14838122,"CC","1",2011-10-10,2014-10-10
4512079,4512079,"CC","0",2006-06-12,2006-06-12
7062725,7062725,"CC","1",2003-09-26,2006-09-26
7062725,7062725,"CC","1",2003-04-12,2006-04-12
15645295,15645295,"CC","4",2005-08-30,2010-08-30
7062725,7062725,"CC","4",2010-02-01,2030-02-01
13912036,13912036,"CC","1",2007-02-20,2010-02-20
9978239,9978239,"CC","1",2007-04-05,2010-04-05
9978239,9978239,"CC","4",2009-03-17,2012-03-17
14234805,14234805,"CC","1",2011-09-09,2014-09-09
433149,433149,"CC","1",2010-11-30,2013-11-30
19104656,19104656,"CC","1",2013-05-27,2016-05-27
16250422,16250422,"CC","1",2005-12-07,2008-12-07
9716257,9716257,"CC","4",2010-05-19,2030-05-19
5372185,5372185,"CC","1",2011-05-31,2014-05-31
2276447,2276447,"CC","1",2012-10-24,2015-10-24
12305033,12305033,"CC","1",2012-06-22,2015-06-22
9978239,9978239,"CC","4",2004-06-04,2014-06-04
10075417,10075417,"CC","3",2009-10-09,2014-10-09
8543410,8543410,"CC","2",2005-07-15,2010-07-15
3417057,3417057,"CC","1",2013-10-31,2016-10-31
9978239,9978239,"CC","1",2009-03-13,2012-03-13
5372185,5372185,"CC","3",2012-04-30,2017-04-30
6972727,6972727,"CC","1",2010-10-04,2013-10-04
7062725,7062725,"CC","3",2011-03-14,2014-03-14
7062725,7062725,"CC","1",2011-06-22,2014-06-22
11573797,11573797,"CC","4",2022-02-01,2042-02-01
5453542,5453542,"CC","4",2008-08-08,2011-08-08
12947635,12947635,"CC","4",2007-11-29,2010-11-29
7062725,7062725,"CC","1",2006-07-20,2009-07-20
7062725,7062725,"CC","4",2007-01-19,2027-01-19
7062725,7062725,"CC","1",2008-07-15,2011-07-15
9978239,9978239,"CC","4",2009-07-09,2029-07-09
6872669,6872669,"CC","4",2007-09-28,2017-09-28
5926569,5926569,"CC","0",2001-12-05,2006-12-05
8543410,8543410,"CC","4",2008-04-03,2011-04-03
7062725,7062725,"CC","1",1997-03-14,2000-03-14
8446018,8446018,"CC","1",2012-09-13,2015-09-13
4642272,4642272,"CC","3",2011-11-08,2016-11-08
7062725,7062725,"CC","4",2009-05-22,2029-05-22
7062725,7062725,"CC","4",2009-05-22,2029-05-22
7062725,7062725,"CC","4",2009-05-22,2029-05-22
2184701,2184701,"CC","1",2010-12-22,2013-12-22
7447391,7447391,"CC","1",2005-09-06,2008-09-06
19126115,19126115,"CC","1",2006-06-06,2009-06-06
18484612,18484612,"CC","4",2005-12-15,2015-12-15
11313779,11313779,"CC","1",2004-07-02,2007-07-02
624927,624927,"CC","4",2010-01-19,2020-01-19
9716257,9716257,"CC","4",2007-06-05,2027-06-05
15567152,15567152,"CC","1",2010-08-10,2013-08-10
5453542,5453542,"CC","4",2007-03-20,2027-03-20
13602342,13602342,"CC","1",2011-08-15,2014-08-15
13602342,13602342,"CC","1",2011-10-18,2014-10-18
624927,624927,"CC","4",2010-09-20,2013-09-20
16612644,16612644,"CC","1",2009-12-01,2012-12-01
14758926,14758926,"CC","1",2017-01-09,2020-01-09
2184701,2184701,"CC","1",2012-06-27,2015-06-27
11556799,11556799,"CC","1",2012-03-23,2015-03-23
3498610,3498610,"CC","1",2007-10-31,2010-10-31
9978239,9978239,"CC","1",2009-07-09,2012-07-09
10075417,10075417,"CC","4",2011-04-27,2014-04-27
2184701,2184701,"CC","4",2011-04-08,2031-04-08
3437348,3437348,"CC","1",2009-03-20,2012-03-20
1732740,1732740,"CC","1",2002-11-05,2005-11-05
12947635,12947635,"CC","1",2003-04-04,2006-04-04
18625785,18625785,"CC","4",2007-06-08,2010-06-08
13654847,13654847,"CC","4",2006-11-25,2026-11-25
18913824,18913824,"CC","1",2009-10-06,2014-10-06
486314,486314,"CC","1",2008-03-13,2011-03-13
2184701,2184701,"CC","4",2006-11-25,2026-11-25
8898498,8898498,"CC","1",2016-02-01,2019-02-01
19126115,19126115,"CC","4",1997-04-17,2017-04-17
7062725,7062725,"CC","4",2020-06-29,2040-06-29
4604431,4604431,"CC","2",2006-03-31,2011-03-31
16612644,16612644,"CC","1",2009-05-29,2012-05-29
12653318,12653318,"CC","4",2006-12-11,2026-12-11
9733595,9733595,"CC","3",2007-07-23,2012-07-23
11573797,11573797,"CC","4",2012-10-26,2032-10-26
4642272,4642272,"CC","1",2012-02-24,2015-02-24
10317261,10317261,"CC","1",2010-04-01,2015-04-01
7062725,7062725,"CC","1",2007-06-14,2010-06-14
12947635,12947635,"CC","3",2012-03-20,2017-03-20
12947635,12947635,"CC","4",2012-03-20,2022-03-20
13654847,13654847,"CC","4",2006-11-27,2016-11-27
12130205,12130205,"CC","1",2004-08-05,2007-08-05
12653318,12653318,"CC","4",2006-05-19,2026-05-19
7062725,7062725,"CC","4",2013-06-05,2016-06-05
1636569,1636569,"CC","1",2007-06-29,2010-06-29
6257900,6257900,"CC","1",2008-03-28,2011-03-28
14234805,14234805,"CC","3",2006-11-30,2011-11-30
9978239,9978239,"CC","1",2012-03-28,2015-03-28
3417057,3417057,"CC","2",2014-06-30,2017-06-30
7731426,7731426,"CC","1",2016-05-31,2019-05-31
5453542,5453542,"CC","4",2014-11-18,2034-11-18
10075417,10075417,"CC","1",2011-04-05,2014-04-05
10317261,10317261,"CC","2",2010-04-07,2015-04-07
12913420,12913420,"CC","1",2010-05-06,2013-05-06
11573797,11573797,"CC","1",2012-05-25,2015-05-25
12913420,12913420,"CC","1",2013-10-30,2016-10-30
3417057,3417057,"CC","1",2013-10-31,2016-10-31
5338227,5338227,"CC","1",2009-11-30,2012-11-30
2638935,2638935,"CC","1",2008-08-07,2011-08-07
3417057,3417057,"CC","2",2014-06-27,2017-06-27
3417057,3417057,"CC","1",2015-03-03,2018-03-03
2133974,2133974,"CC","2",2017-01-17,2022-01-17
2184701,2184701,"CC","4",2013-12-09,2016-12-09
10075417,10075417,"CC","4",2009-02-10,2029-02-10
10075417,10075417,"CC","1",2009-02-18,2012-02-18
19073528,19073528,"CC","1",2010-11-29,2013-11-29
2184701,2184701,"CC","1",2011-02-23,2014-02-23
9978239,9978239,"CC","1",2013-10-11,2016-10-11
7062725,7062725,"CC","4",2013-01-15,2033-01-15
7062725,7062725,"CC","4",2014-09-30,2017-09-30
12947635,12947635,"CC","4",2006-12-11,2026-12-11
18108308,18108308,"CC","1",2004-04-13,2007-04-13
5453542,5453542,"CC","1",2012-06-05,2015-06-05
11573797,11573797,"CC","1",2012-11-26,2015-11-26
11573797,11573797,"CC","4",2007-09-06,2027-09-06
11573797,11573797,"CC","4",2008-01-09,2028-01-09
17130740,17130740,"CC","1",2014-04-28,2017-04-28
18484612,18484612,"CC","1",2020-04-30,2023-04-30
6257900,6257900,"CC","0",2012-04-10,2015-04-10
13980567,13980567,"CC","4",2008-09-02,2028-09-02
3647877,3647877,"CC","4",2011-05-30,2016-05-30
9716257,9716257,"CC","4",2008-01-08,2028-01-08
2184701,2184701,"CC","1",2014-04-03,2014-04-03
19033273,19033273,"CC","1",2016-01-12,2019-01-12
2276447,2276447,"CC","1",2014-11-21,2017-11-21
2276447,2276447,"CC","1",2012-12-18,2015-12-18
19126115,19126115,"CC","1",2012-02-29,2015-02-28
7062725,7062725,"CC","4",2010-03-19,2030-03-19
7062725,7062725,"CC","2",2013-09-30,2016-09-30
10075417,10075417,"CC","1",2012-09-11,2015-09-11
2184701,2184701,"CC","4",2011-11-30,2031-11-30
7062725,7062725,"CC","1",2012-04-03,2015-04-03
18484612,18484612,"CC","4",2012-03-13,2032-03-13
18484612,18484612,"CC","4",2006-12-09,2026-12-09
5453542,5453542,"CC","1",2016-01-27,2019-01-27
18484612,18484612,"CC","2",2014-05-22,2019-05-22
14234805,14234805,"CC","1",2020-10-07,2023-10-07
10075417,10075417,"CC","4",2017-04-28,2037-04-28
13801124,13801124,"CC","4",2011-04-14,2014-04-14
3417057,3417057,"CC","1",2013-10-07,2016-10-07
3417057,3417057,"CC","1",2013-08-30,2016-08-30
12609495,12609495,"CC","1",2013-10-01,2016-10-01
1779935,1779935,"CC","1",2013-12-09,2016-12-09
15250065,15250065,"CC","4",1999-03-31,2002-03-31
1110178,1110178,"CC","1",2007-02-19,2010-02-19
19126115,19126115,"CC","4",1997-12-17,2017-12-17
14234805,14234805,"CC","1",2014-01-14,2017-01-14
7062725,7062725,"CC","4",2013-12-04,2033-12-04
7062725,7062725,"CC","1",2013-12-16,2016-12-16
7062725,7062725,"CC","1",2012-12-19,2015-12-19
9716257,9716257,"CC","1",2018-04-03,2021-04-03
9978239,9978239,"CC","2",2014-02-06,2019-02-06
18640097,18640097,"CC","4",2014-01-16,2017-01-16
3417454,3417454,"CC","1",2016-02-08,2019-02-08
15645295,15645295,"CC","1",2014-11-07,2017-11-07
7062725,7062725,"CC","4",2013-11-22,2016-11-22
11841120,11841120,"CC","3",2012-09-24,2017-09-24
15012017,15012017,"CC","1",2016-06-14,2019-06-14
11573797,11573797,"CC","4",2020-09-14,2023-09-14
18640097,18640097,"CC","1",2018-01-11,2018-01-11
7062725,7062725,"CC","2",2013-06-20,2018-06-20
12947635,12947635,"CC","4",2013-12-30,2016-12-30
7062725,7062725,"CC","4",2017-01-16,2037-01-16
12947635,12947635,"CC","3",2012-03-20,2017-03-20
12609495,12609495,"CC","1",2018-08-31,2021-08-31
3417057,3417057,"CC","1",2014-05-19,2017-05-19
7062725,7062725,"CC","1",2015-12-10,2020-12-10
7062725,7062725,"CC","1",2017-02-03,2020-02-03
11963218,11963218,"CC","1",2000-08-17,2003-08-17
16612644,16612644,"CC","1",2014-10-01,2017-10-01
9978239,9978239,"CC","2",2022-06-07,2027-06-07
7062725,7062725,"CC","1",2013-06-17,2016-06-17
7062725,7062725,"CC","4",2013-10-21,2033-10-21
7062725,7062725,"CC","1",2017-11-27,2020-11-27
7062725,7062725,"CC","4",2013-11-22,2016-11-22
6257900,6257900,"CC","1",2015-12-14,2018-12-14
11231069,11231069,"CC","1",2014-07-17,2017-07-17
16612644,16612644,"CC","1",2015-11-30,2018-11-30
2133974,2133974,"CC","1",2016-10-12,2019-10-12
15250065,15250065,"CC","4",2000-03-25,2003-03-25
3082573,3082573,"CC","3",2019-05-27,2024-05-27
2184701,2184701,"CC","4",2015-04-17,2035-04-17
7062725,7062725,"CC","4",2017-02-22,2020-02-22
16612644,16612644,"CC","1",2015-11-30,2018-11-30
2133974,2133974,"CC","1",2016-10-12,2019-10-12
15250065,15250065,"CC","4",2000-03-25,2003-03-25
3082573,3082573,"CC","3",2019-05-27,2024-05-27
2184701,2184701,"CC","4",2015-04-17,2035-04-17
7062725,7062725,"CC","4",2017-02-22,2020-02-22
12609495,12609495,"CC","1",2017-09-29,2020-09-29
16250422,16250422,"CC","1",2017-09-05,2020-09-05
3417057,3417057,"CC","1",2014-06-30,2017-06-30
15508830,15508830,"CC","1",2014-05-21,2017-05-21
2459604,2459604,"CC","1",2016-09-07,2019-09-07
9976285,9976285,"CC","1",2015-02-09,2018-02-09
14234805,14234805,"CC","4",2016-10-24,2019-10-24
3082573,3082573,"CC","1",2017-11-18,2022-11-18
3082573,3082573,"CC","1",2016-03-10,2019-03-10
12233766,12233766,"CC","3",2017-12-18,2022-12-18
7062725,7062725,"CC","4",2013-12-19,2033-12-19
12947635,12947635,"CC","1",2015-01-09,2018-01-09
7062725,7062725,"CC","4",2021-06-09,2041-06-09
7062725,7062725,"CC","4",2014-02-04,2034-02-04
6993164,6993164,"CC","1",2014-05-23,2017-05-23
13574543,13574543,"CC","2",2014-11-19,2019-11-19
8883351,8883351,"CC","4",2015-01-01,2018-01-01
3417057,3417057,"CC","1",2014-06-06,2017-06-06
3417057,3417057,"CC","1",2014-07-01,2017-07-01
5101874,5101874,"CC","1",2016-05-10,2019-05-10
13602342,13602342,"CC","1",2022-06-17,2025-06-17
18389959,18389959,"CC","1",2015-01-14,2018-01-14
12117857,12117857,"CC","4",2017-08-23,2020-08-23
11734957,11734957,"CC","1",2015-03-03,2018-03-03
14234805,14234805,"CC","1",2013-10-28,2016-10-28
13980567,13980567,"CC","1",2016-02-08,2019-02-08
9431008,9431008,"CC","1",2018-06-28,2021-06-28
13980567,13980567,"CC","4",2017-09-07,2027-09-07
5453542,5453542,"CC","1",2016-01-20,2019-01-20
13654847,13654847,"CC","1",2016-01-07,2019-01-07
12477386,12477386,"CC","4",2014-07-11,2034-07-11
16612644,16612644,"CC","1",2014-06-30,2017-06-30
9978239,9978239,"CC","1",2016-11-14,2019-11-14
5101874,5101874,"CC","1",2014-07-04,2017-07-04
7309430,7309430,"CC","4",2007-12-03,2012-12-03
4583497,4583497,"CC","1",2014-04-15,2017-04-15
13980567,13980567,"CC","4",2014-02-06,2034-02-06
18625785,18625785,"CC","1",2014-03-12,2017-03-12
11841120,11841120,"CC","1",2016-04-20,2019-04-20
12609495,12609495,"CC","2",2015-04-16,2020-04-16
11313779,11313779,"CC","1",2015-02-09,2018-02-09
14234805,14234805,"CC","1",2014-01-20,2017-01-20
14234805,14234805,"CC","1",2014-01-31,2017-01-31
14234805,14234805,"CC","1",2014-02-21,2017-02-21
3082573,3082573,"CC","1",2018-04-05,2021-04-05
14234805,14234805,"CC","1",2014-08-21,2014-08-21
19126115,19126115,"CC","4",1997-12-17,2017-12-17
3082573,3082573,"CC","1",2015-05-28,2018-05-28
14234805,14234805,"CC","4",2016-06-01,2019-06-01
3082573,3082573,"CC","1",2016-09-06,2019-09-06
10075417,10075417,"CC","4",2015-06-09,2035-06-09
1002916,1002916,"CC","1",2015-06-23,2018-06-23
11734957,11734957,"CC","1",2014-10-24,2017-10-24
11231069,11231069,"CC","2",2018-06-01,2021-06-01
1110178,1110178,"CC","1",2015-05-13,2018-05-13
10075417,10075417,"CC","4",2014-07-05,2034-07-05
2184701,2184701,"CC","1",2015-09-15,2018-09-15
7309430,7309430,"CC","1",2014-05-15,2017-05-15
5845465,5845465,"CC","1",2016-04-21,2019-04-21
5845465,5845465,"CC","1",2017-10-03,2020-10-03
5845465,5845465,"CC","1",2016-04-21,2019-04-21
11734957,11734957,"CC","1",2016-04-18,2019-04-18
7062725,7062725,"CC","4",2012-07-09,2032-07-09
16612644,16612644,"CC","1",2014-08-04,2017-08-04
11573797,11573797,"CC","1",2017-08-22,2020-08-22
2133974,2133974,"CC","1",2016-10-12,2019-10-12
11313779,11313779,"CC","1",2015-11-06,2018-11-06
10075417,10075417,"CC","4",2012-06-26,2032-06-26
5343499,5343499,"CC","1",2016-06-30,2019-06-30
14234805,14234805,"CC","4",2017-02-22,2020-02-22
7062725,7062725,"CC","4",2017-10-18,2020-10-18
11734957,11734957,"CC","4",2017-08-29,2037-08-29
1278937,1278937,"CC","1",2015-05-18,2018-05-18
18625785,18625785,"CC","1",2016-06-30,2019-06-30
7062725,7062725,"CC","4",2002-10-16,2022-10-16
7062725,7062725,"CC","1",2016-05-04,2019-05-04
1763980,1763980,"CC","1",2016-05-10,2019-05-10
7062725,7062725,"CC","4",2014-05-05,2034-05-05
12117857,12117857,"CC","4",2016-04-12,2036-04-12
7062725,7062725,"CC","4",2015-04-02,2035-04-02
3417057,3417057,"CC","3",2017-06-07,2022-06-07
9483392,9483392,"CC","1",2017-03-16,2020-03-16
17726481,17726481,"CC","1",2018-10-11,2021-10-11
19294997,19294997,"CC","1",2017-01-09,2020-01-09
15508830,15508830,"CC","1",2016-10-18,2019-10-18
11573797,11573797,"CC","1",2017-11-30,2020-11-30
5845465,5845465,"CC","4",2022-12-09,2025-12-09
7062725,7062725,"CC","3",2014-12-15,2019-12-15
7062725,7062725,"CC","1",2014-03-07,2017-03-07
8265844,8265844,"CC","2",2010-03-08,2015-03-08
7062725,7062725,"CC","3",2018-01-31,2023-01-31
7062725,7062725,"CC","4",2011-01-01,2031-01-01
4393486,4393486,"CC","4",2015-01-01,2035-01-01
7062725,7062725,"CC","1",2015-08-26,2018-08-26
12012487,12012487,"CC","1",2017-11-02,2020-11-02
18625785,18625785,"CC","1",2016-04-30,2019-04-30
11231069,11231069,"CC","1",2018-02-13,2021-02-13
17726017,17726017,"CC","1",2018-01-09,2021-01-09
2184701,2184701,"CC","1",2018-10-31,2021-10-31
3082573,3082573,"CC","4",2018-08-28,2023-08-28
3082573,3082573,"CC","1",2018-09-03,2021-09-03
14234805,14234805,"CC","4",2014-05-21,2034-05-21
19073528,19073528,"CC","4",2008-01-28,2028-01-28
10075417,10075417,"CC","1",2014-11-14,2017-11-14
11734957,11734957,"CC","1",2016-01-20,2019-01-20
2492654,2492654,"CC","1",2015-10-31,2018-10-31
7062725,7062725,"CC","1",2016-03-07,2019-03-07
11734957,11734957,"CC","1",2014-06-30,2017-06-30
7062725,7062725,"CC","1",2013-05-15,2018-05-15
7062725,7062725,"CC","1",2013-04-11,2018-04-11
7062725,7062725,"CC","1",2013-05-13,2018-05-13
13980567,13980567,"CC","2",2020-11-27,2025-11-27
13980567,13980567,"CC","1",2020-09-09,2023-09-09
5453542,5453542,"CC","4",2016-01-27,2036-01-27
18484612,18484612,"CC","4",2013-10-22,2033-10-22
12635542,12635542,"CC","1",2017-11-14,2020-11-14
4406182,4406182,"CC","1",2017-08-29,2020-08-29
3347252,3347252,"CC","1",2018-10-23,2021-10-23
18389959,18389959,"CC","4",2013-12-12,2033-12-12
13980567,13980567,"CC","1",2016-06-16,2019-06-16
3417057,3417057,"CC","1",2015-12-31,2018-12-31
11231069,11231069,"CC","2",2017-12-14,2022-12-14
3417057,3417057,"CC","1",2015-12-14,2018-12-14
3082573,3082573,"CC","4",2018-05-16,2038-05-16
9978239,9978239,"CC","1",2015-07-31,2018-07-31
7062725,7062725,"CC","1",2018-01-31,2021-01-31
7062725,7062725,"CC","1",2018-01-22,2021-01-22
7309430,7309430,"CC","1",2015-04-21,2018-04-21
6272109,6272109,"CC","1",2015-09-03,2018-09-03
8103410,8103410,"CC","1",2017-10-19,2020-10-19
2276447,2276447,"CC","1",2014-07-28,2017-07-28
13418229,6898100,"CC","1",2018-04-14,2021-04-14
13574543,13574543,"CC","1",2015-02-23,2018-02-23
13418229,6898100,"CC","1",2018-04-12,2021-04-12
17726017,17726017,"CC","1",2018-01-03,2021-01-03
7908260,7908260,"CC","1",2017-06-16,2020-06-16
7908260,7908260,"CC","4",2018-10-15,2038-10-15
13418229,13418229,"CC","1",2015-08-24,2018-08-24
5453542,5453542,"CC","1",2016-05-02,2019-05-02
1236759,1236759,"CC","1",2017-12-19,2020-12-19
15508830,15508830,"CC","1",2017-01-31,2020-01-31
10317261,10317261,"CC","2",2018-08-06,2021-08-06
7062725,7062725,"CC","1",2014-09-17,2017-09-17
11734957,11734957,"CC","4",2014-10-24,2017-10-24
10317261,10317261,"CC","4",2010-10-13,2030-10-13
18444310,18444310,"CC","1",2017-12-11,2020-12-11
18444310,18444310,"CC","1",2016-07-28,2019-07-28
18625785,18625785,"CC","4",2015-08-24,2018-08-24
13418229,6898100,"CC","1",2019-05-31,2022-05-31
2133974,2133974,"CC","3",2019-04-02,2024-04-02
1978889,1978889,"CC","1",2017-12-28,2020-12-28
13063012,13063012,"CC","1",2017-12-08,2020-12-08
5845465,5845465,"CC","4",2015-05-13,2035-05-13
11734957,11734957,"CC","1",2017-02-08,2020-02-08
11754001,860418,"CC","1",2017-03-15,2020-03-15
11754001,860418,"CC","1",2017-07-02,2020-07-02
11734957,11734957,"CC","1",2018-09-12,2021-09-12
7062725,7062725,"CC","4",2013-09-10,2033-09-10
15681169,15681169,"CC","1",2019-06-03,2022-06-03
2133974,2133974,"CC","3",2017-05-02,2022-05-02
11573797,11573797,"CC","4",2022-01-21,2042-01-21
14300779,14300779,"CC","1",2019-12-04,2022-12-04
19294997,19294997,"CC","1",2018-08-31,2021-08-31
9716257,9716257,"CC","1",2014-11-13,2017-11-13
2795509,2795509,"CC","1",2018-11-01,2021-11-01
7062725,7062725,"CC","1",2018-10-18,2021-10-18
7062725,7062725,"CC","4",2011-08-18,2031-08-18
11734957,11734957,"CC","4",2015-07-24,2018-07-24
7062725,7062725,"CC","1",2016-04-05,2019-04-05
7062725,7062725,"CC","1",2017-12-12,2020-12-12
7062725,7062725,"CC","4",2014-08-31,2034-08-31
2548884,2548884,"CC","1",2017-04-07,2020-04-07
18444310,18444310,"CC","1",2018-12-04,2021-12-04
15453243,15453243,"CC","2",2015-01-22,2020-01-22
18625785,18625785,"CC","4",2019-07-04,2039-07-04
9594981,9594981,"CC","1",2015-08-31,2018-08-31
11734957,11734957,"CC","4",2018-01-01,2038-01-01
18444310,18444310,"CC","1",2013-12-17,2016-12-17
18444310,18444310,"CC","1",2018-03-07,2021-03-07
15040241,15040241,"CC","1",2016-09-06,2019-09-06
13654847,13654847,"CC","1",2016-03-22,2019-03-22
5453542,5453542,"CC","4",2014-05-22,2034-05-22
17726481,17726481,"CC","1",2017-05-19,2020-05-19
17726481,17726481,"CC","1",2017-05-19,2020-05-19
15508830,15508830,"CC","1",2016-09-30,2019-09-30
7062725,7062725,"CC","1",2019-01-30,2022-01-30
7062725,7062725,"CC","4",2015-03-05,2035-03-05
7062725,7062725,"CC","1",2014-08-04,2017-08-04
12947635,12947635,"CC","1",2017-04-18,2020-04-18
7908260,7908260,"CC","1",2019-04-15,2022-04-15
1110178,1110178,"CC","1",2016-10-10,2019-10-10
3498610,3498610,"CC","1",2017-05-08,2020-05-08
15337171,15337171,"CC","4",2017-05-09,2037-05-09
7062725,7062725,"CC","1",2014-08-19,2017-08-19
7062725,7062725,"CC","1",2018-01-31,2021-01-31
2095636,2095636,"CC","1",2017-06-08,2020-06-08
7062725,7062725,"CC","2",2015-03-31,2020-03-31
7062725,7062725,"CC","1",2014-07-07,2017-07-07
11513331,11513331,"CC","1",2018-02-26,2018-02-26
12947635,12947635,"CC","1",2018-11-01,2021-11-01
7062725,7062725,"CC","4",2018-01-31,2038-01-31
18640097,18640097,"CC","4",2015-10-16,2035-10-16
13723701,13723701,"CC","2",2019-05-22,2024-05-22
12012487,12012487,"CC","4",2014-01-01,2034-01-01
3417057,3417057,"CC","1",2014-02-11,2017-02-11
2184701,2184701,"CC","1",2017-04-03,2020-04-03
10075417,10075417,"CC","2",2018-02-08,2023-02-08
12947635,12947635,"CC","1",2019-05-24,2022-05-24
8103410,8103410,"CC","2",2016-10-24,2021-10-24
2133974,2133974,"CC","1",2015-11-30,2018-11-30
15455396,15455396,"CC","1",2019-06-14,2022-06-14
18625785,18625785,"CC","4",2016-01-01,2019-01-01
11231069,11231069,"CC","1",2015-08-27,2018-08-27
11231069,11231069,"CC","1",2017-06-28,2020-06-28
5453542,5453542,"CC","4",2018-11-23,2038-11-23
15337171,15337171,"CC","1",2019-01-30,2022-01-30
14660989,14660989,"CC","1",2017-09-07,2020-09-07
11573797,11573797,"CC","4",2020-07-28,2040-07-28
2795509,2795509,"CC","1",2018-11-01,2021-11-01
2795509,2795509,"CC","1",2019-05-24,2022-05-24
12407764,12407764,"CC","2",2019-04-05,2022-04-05
7062725,7062725,"CC","1",2018-02-20,2021-02-20
7062725,7062725,"CC","1",2017-06-27,2020-06-27
10317261,10317261,"CC","1",2019-04-25,2019-04-25
7908260,7908260,"CC","1",2015-09-24,2018-09-24
2133974,2133974,"CC","1",2018-08-24,2021-08-24
2133974,2133974,"CC","1",2018-09-04,2021-09-04
2133974,2133974,"CC","3",2018-11-12,2023-11-12
13654847,13654847,"CC","1",2016-07-05,2019-07-05
12869149,12869149,"CC","1",2018-08-30,2021-08-30
13418229,13418229,"CC","1",2019-05-31,2022-05-31
10075417,10075417,"CC","1",2016-03-31,2019-03-31
15015294,15015294,"CC","1",2019-05-10,2019-05-10
13602342,13602342,"CC","1",2017-04-05,2020-04-05
2548884,2548884,"CC","1",2017-02-22,2020-02-22
15034227,15034227,"CC","1",2018-12-31,2021-12-31
3417057,3417057,"CC","1",2019-08-27,2022-08-27
2133974,2133974,"CC","4",2017-09-29,2037-09-29
11754001,11754001,"CC","2",2014-09-05,2019-09-05
5453542,5453542,"CC","4",2017-04-24,2037-04-24
18466796,18466796,"CC","1",2019-05-31,2022-05-31
7062725,7062725,"CC","4",2018-10-19,2038-10-19
7062725,7062725,"CC","1",2019-11-29,2022-11-29
11734957,11734957,"CC","4",2015-04-16,2020-04-16
11734957,11734957,"CC","4",2015-03-03,2018-03-03
13980567,13980567,"CC","3",2015-06-10,2020-06-10
18444310,18444310,"CC","1",2016-07-28,2019-07-28
18444310,18444310,"CC","1",2016-09-07,2019-09-07
18444310,18444310,"CC","1",2016-10-05,2019-10-05
13980567,13980567,"CC","2",2018-08-09,2023-08-09
13980567,13980567,"CC","1",2019-09-05,2022-09-05
2133974,2133974,"CC","3",2018-09-24,2023-09-24
5453542,5453542,"CC","4",2015-06-15,2035-06-15
11573797,11573797,"CC","1",2016-07-29,2019-07-29
10075417,10075417,"CC","1",2015-03-10,2018-03-10
2184701,2184701,"CC","1",2019-02-07,2019-02-07
2184701,2184701,"CC","1",2019-03-21,2019-03-21
2184701,2184701,"CC","1",2016-08-05,2019-08-05
506040,506040,"CC","1",2017-05-11,2020-05-11
10075417,10075417,"CC","1",2019-07-01,2022-07-01
7062725,7062725,"CC","2",2019-09-18,2024-09-18
3625268,3625268,"CC","1",2019-05-24,2022-05-24
10075417,10075417,"CC","1",2015-03-10,2018-03-10
2184701,2184701,"CC","1",2019-02-07,2019-02-07
2184701,2184701,"CC","1",2019-03-21,2019-03-21
2184701,2184701,"CC","1",2016-08-05,2019-08-05
506040,506040,"CC","1",2017-05-11,2020-05-11
10075417,10075417,"CC","1",2019-07-01,2022-07-01
7062725,7062725,"CC","2",2019-09-18,2024-09-18
3625268,3625268,"CC","1",2019-05-24,2022-05-24
7062725,7062725,"CC","4",2017-12-31,2037-12-31
7062725,7062725,"CC","4",2018-10-16,2038-10-16
18625785,18625785,"CC","4",2019-07-01,2039-07-01
2133974,2133974,"CC","1",2018-08-24,2021-08-24
13020588,13020588,"CC","1",2018-11-06,2021-11-06
13654847,13654847,"CC","4",2015-08-20,2035-08-20
9716257,9716257,"CC","1",2017-08-02,2020-08-02
7062725,7062725,"CC","2",2019-08-30,2024-08-30
14758926,14758926,"CC","1",2018-12-26,2021-12-26
7309430,7309430,"CC","1",2018-12-03,2021-12-03
1779935,1779935,"CC","1",2020-02-20,2023-02-20
2133974,2133974,"CC","1",2021-03-23,2024-03-23
15508830,15508830,"CC","1",2016-11-30,2019-11-30
9716257,9716257,"CC","1",2016-03-14,2019-03-14
3498610,3498610,"CC","1",2019-12-31,2022-12-31
2795509,2795509,"CC","0",2019-02-04,2022-02-04
7062725,7062725,"CC","1",2017-07-21,2020-07-21
3417454,3417454,"CC","1",2017-11-27,2020-11-27
18640097,18640097,"CC","1",2018-08-17,2021-08-17
18640097,18640097,"CC","1",2018-10-08,2023-10-08
12913420,12913420,"CC","2",2018-03-06,2023-03-06
2133974,2133974,"CC","1",2018-04-19,2021-04-19
13952646,13952646,"CC","1",2019-09-27,2022-09-27
6325896,6325896,"CC","1",2019-06-11,2022-06-11
13952646,13952646,"CC","1",2019-10-31,2022-10-31
15681169,15681169,"CC","1",2018-06-01,2021-06-01
3082573,3082573,"CC","1",2019-08-20,2022-08-20
3082573,3082573,"CC","2",2019-09-30,2022-09-30
1636569,1636569,"CC","1",2016-08-22,2019-08-22
3082573,3082573,"CC","1",2019-08-20,2022-08-20
3082573,3082573,"CC","2",2019-09-30,2022-09-30
1636569,1636569,"CC","1",2016-08-22,2019-08-22
7062725,7062725,"CC","1",2015-03-06,2020-03-06
7062725,7062725,"CC","4",2018-05-02,2038-05-02
7062725,7062725,"CC","1",2022-06-20,2025-06-20
12947635,12947635,"CC","1",2017-09-26,2020-09-26
7062725,7062725,"CC","1",2017-07-17,2020-07-17
13980567,13980567,"CC","3",2021-01-07,2026-01-07
13980567,13980567,"CC","3",2021-01-07,2026-01-07
13980567,13980567,"CC","3",2021-01-07,2026-01-07
11231069,11231069,"CC","4",2020-12-09,2025-12-09
14234805,14234805,"CC","1",2018-02-19,2021-02-19
3082573,3082573,"CC","4",2018-04-26,2038-04-26
3082573,3082573,"CC","1",2018-04-11,2021-04-11
7062725,7062725,"CC","4",2018-08-31,2038-08-31
2276447,2276447,"CC","1",2015-11-18,2018-11-18
11848852,11848852,"CC","1",2018-06-12,2021-06-12
7062725,7062725,"CC","1",2020-07-14,2023-07-14
18444310,18444310,"CC","1",2018-12-04,2021-12-04
18444310,18444310,"CC","1",2019-09-30,2022-09-30
13952646,13952646,"CC","1",2019-09-30,2022-09-30
2492654,2492654,"CC","1",2015-10-31,2018-10-31
7062725,7062725,"CC","1",2019-08-01,2022-08-01
11734957,11734957,"CC","1",2019-08-19,2022-08-19
2548884,2548884,"CC","1",2017-08-16,2020-08-16
18640097,18640097,"CC","1",2018-12-21,2023-12-21
11891745,11891745,"CC","1",2016-10-31,2019-10-31
4281221,4281221,"CC","1",2019-09-23,2022-09-23
2459604,2459604,"CC","1",2020-09-24,2023-09-24
7062725,7062725,"CC","1",2014-07-01,2017-07-01
7062725,7062725,"CC","1",2014-05-02,2017-05-02
7062725,7062725,"CC","1",2014-03-03,2017-03-03
7062725,7062725,"CC","1",2015-05-27,2018-05-27
7062725,7062725,"CC","1",2015-03-23,2018-03-23
7062725,7062725,"CC","1",2015-05-19,2018-05-19
13980567,13980567,"CC","4",2019-09-03,2039-09-03
2133974,2133974,"CC","3",2019-10-07,2024-10-07
13757410,13757410,"CC","1",2019-03-25,2022-03-25
3347252,3347252,"CC","1",2019-04-03,2022-04-03
3347252,3347252,"CC","1",2019-11-06,2022-11-06
11138899,11138899,"CC","1",2018-05-15,2021-05-15
13980567,13980567,"CC","1",2018-04-24,2023-04-24
2133974,2133974,"CC","1",2019-10-22,2022-10-22
2133974,2133974,"CC","3",2019-10-14,2024-10-14
11313779,11313779,"CC","2",2020-01-31,2023-01-31
5343499,5343499,"CC","1",2019-05-09,2022-05-09
4406182,4406182,"CC","1",2020-04-15,2023-04-15
10924877,10924877,"CC","1",2019-03-12,2022-03-12
2133974,2133974,"CC","1",2019-12-12,2022-12-12
2133974,2133974,"CC","1",2021-12-15,2026-12-15
15875018,15875018,"CC","1",2019-11-29,2022-11-29
12609495,12609495,"CC","1",2020-01-31,2023-01-31
282490,282490,"CC","1",2020-02-13,2023-02-13
5343499,5343499,"CC","2",2021-01-28,2026-01-28
18640097,18640097,"CC","4",2020-10-21,2040-10-21
4553769,4553769,"CC","1",2020-07-07,2023-07-07
2133974,2133974,"CC","1",2020-01-30,2023-01-30
2133974,2133974,"CC","3",2020-04-29,2025-04-29
1779935,1779935,"CC","1",2021-02-01,2024-02-01
2133974,2133974,"CC","1",2020-01-06,2023-01-06
15875018,15875018,"CC","1",2020-01-01,2023-01-01
2795509,2795509,"CC","1",2019-03-21,2022-03-21
2795509,2795509,"CC","1",2019-05-01,2022-05-01
5343499,5343499,"CC","1",2019-11-27,2022-11-27
2184701,2184701,"CC","1",2019-11-11,2022-11-11
11573797,11573797,"CC","1",2020-02-24,2023-02-24
3082573,3082573,"CC","1",2019-05-28,2022-05-28
18651157,18651157,"CC","1",2019-09-30,2022-09-30
3417454,3417454,"CC","4",2019-10-29,2039-10-29
19033273,19033273,"CC","1",2021-02-27,2024-02-27
13801124,13801124,"CC","1",2020-04-30,2025-04-30
7062725,7062725,"CC","1",2020-10-13,2023-10-13
5610779,5610779,"CC","3",2020-05-15,2025-05-15
5610779,5610779,"CC","2",2020-03-04,2025-03-04
2459604,2459604,"CC","1",2019-10-24,2022-10-24
18651157,18651157,"CC","1",2020-07-01,2023-07-01
9557390,9557390,"CC","1",2019-05-13,2022-05-13
16572842,16572842,"CC","3",2021-04-20,2026-04-20
16572842,16572842,"CC","1",2022-05-31,2025-05-31
3347252,3347252,"CC","1",2019-04-03,2022-04-03
2276447,2276447,"CC","1",2019-12-31,2022-12-31
8103410,8103410,"CC","1",2020-01-21,2023-01-21
9733595,9733595,"CC","1",2020-10-27,2023-10-27
9733595,9733595,"CC","1",2020-10-27,2023-10-27
2133974,2133974,"CC","1",2020-10-05,2023-10-05
2133974,2133974,"CC","1",2021-02-09,2024-02-09
10950330,10950330,"CC","1",2019-11-04,2024-11-04
5343499,5343499,"CC","1",2019-11-27,2022-11-27
7062725,7062725,"CC","1",2020-06-09,2023-06-09
10317261,10317261,"CC","1",2020-05-20,2023-05-20
14838122,14838122,"CC","2",2020-06-23,2025-06-23
3347252,3347252,"CC","3",2020-07-06,2025-07-06
14994169,14994169,"CC","1",2019-12-31,2022-12-31
18625785,18625785,"CC","1",2020-10-28,2023-10-28
17726017,17726017,"CC","1",2022-12-01,2025-12-01
14234805,14234805,"CC","1",2022-01-18,2025-01-18
6872669,6872669,"CC","4",2007-01-01,2027-01-01
4393486,4393486,"CC","4",2015-01-01,2035-01-01
16572842,16572842,"CC","2",2020-09-28,2025-09-28
15668868,15668868,"CC","1",2020-02-25,2023-02-25
9716257,9716257,"CC","1",2020-10-13,2023-10-13
8403264,8403264,"CC","1",2021-07-26,2021-07-26
14744977,14744977,"CC","1",2020-12-17,2023-12-17
18444310,18444310,"CC","1",2020-12-04,2023-12-04
5879332,5879332,"CC","1",2020-10-22,2023-10-22
1779935,1779935,"CC","1",2021-03-01,2024-03-01
10958201,10958201,"CC","1",2020-05-19,2023-05-19
2184701,2184701,"CC","1",2020-05-07,2023-05-07
5347438,5347438,"CC","1",2020-05-06,2023-05-06
10317261,10317261,"CC","1",2018-08-06,2021-08-06
16572842,16572842,"CC","1",2022-11-28,2025-11-28
6272109,6272109,"CC","1",2020-04-21,2023-04-21
18640097,18640097,"CC","1",2022-01-31,2025-01-31
18484612,18484612,"CC","1",2004-10-06,2007-10-06
15252954,15252954,"CC","1",2021-12-13,2024-12-13
2184701,2184701,"CC","1",2021-08-26,2024-08-26
14234805,14234805,"CC","1",2022-02-02,2025-02-02
18640097,18640097,"CC","1",2022-02-15,2025-02-15
6091833,6091833,"CC","1",2020-05-29,2023-05-29
2133974,2133974,"CC","1",2022-02-15,2025-02-15
19073528,19073528,"CC","1",2019-09-13,2022-09-13
2795509,2795509,"CC","1",2022-12-13,2025-12-13
7062725,7062725,"CC","1",2021-05-25,2024-05-25
3347252,3347252,"CC","1",2019-12-11,2022-12-11
18640097,18640097,"CC","1",2022-03-07,2025-03-07
18444310,18444310,"CC","1",2020-12-07,2023-12-07
5610779,5610779,"CC","1",2021-07-30,2024-07-30
11313779,11313779,"CC","1",2022-02-16,2025-02-16
17726017,17726017,"CC","1",2022-04-19,2025-04-19
4393486,4393486,"CC","1",2022-02-18,2025-02-18
10317261,10317261,"CC","4",2012-02-27,2032-02-27
16572842,16572842,"CC","2",2020-05-13,2025-05-13
2133974,2133974,"CC","1",2021-01-13,2024-01-13
10964105,10964105,"CC","1",2021-08-16,2024-08-16
18543051,18543051,"CC","1",2021-09-16,2024-09-16
5343499,5343499,"CC","1",2020-01-13,2023-01-13
10075417,10075417,"CC","4",2020-11-13,2040-11-13
15508830,15508830,"CC","1",2022-11-24,2025-11-24
12947635,12947635,"CC","1",2021-12-22,2024-12-22
12947635,12947635,"CC","1",2020-03-30,2023-03-30
8897534,8897534,"CC","1",2022-05-31,2025-05-31
7062725,7062725,"CC","2",2020-07-20,2025-07-20
12947635,12947635,"CC","4",2020-05-26,2040-05-26
18640097,18640097,"CC","4",2022-12-09,2042-12-09
9733595,9733595,"CC","1",2021-01-27,2024-01-27
13980567,13980567,"CC","1",2019-09-20,2022-09-20
18444310,18444310,"CC","1",1921-02-11,1924-02-11
13980567,13980567,"CC","1",2022-01-31,2025-01-31
9594981,9594981,"CC","1",2022-05-19,2025-05-19
11313779,11313779,"CC","3",2020-07-16,2025-07-16
12947635,12947635,"CC","1",2020-11-02,2023-11-02
12947635,12947635,"CC","1",2020-11-27,2023-11-27
2133974,2133974,"CC","1",2021-10-19,2024-10-19
16035369,16035369,"CC","1",2021-01-04,2026-01-04
18543051,18543051,"CC","1",2022-12-19,2025-12-19
17726481,17726481,"CC","3",2022-12-28,2025-12-28
7062725,7062725,"CC","1",2020-11-02,2023-11-02
7062725,7062725,"CC","2",2021-01-27,2026-01-27
11734957,11734957,"CC","1",2021-08-31,2026-08-31
13418229,13418229,"CC","1",2021-03-29,2024-03-29
16250422,16250422,"CC","1",2010-10-07,2013-10-07
2795509,2795509,"CC","1",2020-12-22,2023-12-22
2795509,2795509,"CC","1",2020-12-22,2023-12-22
8299336,8299336,"CC","1",2021-09-02,2024-09-02
12947635,12947635,"CC","4",2020-08-20,2040-08-20
12947635,12947635,"CC","4",2020-08-20,2040-08-20
12947635,12947635,"CC","4",2020-08-20,2040-08-20
12947635,12947635,"CC","4",2020-08-20,2040-08-20
12947635,12947635,"CC","4",2020-08-20,2040-08-20
12947635,12947635,"CC","4",2020-08-20,2040-08-20
12947635,12947635,"CC","4",2020-08-20,2040-08-20
12947635,12947635,"CC","4",2020-08-20,2040-08-20
12947635,12947635,"CC","4",2020-08-20,2040-08-20
18640097,18640097,"CC","1",2022-11-25,2025-11-25
3136145,3136145,"CC","1",2021-05-26,2024-05-26
2133974,2133974,"CC","1",2021-01-29,2024-01-29
2133974,2133974,"CC","1",2021-02-03,2024-02-03
2133974,2133974,"CC","1",2021-02-09,2024-02-09
14198905,14198905,"CC","1",2020-01-31,2023-01-31
11573797,11573797,"CC","1",2022-04-13,2025-04-13
12653318,12653318,"CC","4",2021-06-21,2041-06-21
9733595,9733595,"CC","1",2021-01-15,2024-01-15
18640097,18640097,"CC","1",2022-06-03,2025-06-03
14994169,14994169,"CC","1",2022-07-28,2025-07-28
14630692,14630692,"CC","1",2020-02-19,2023-02-19
10924877,10924877,"CC","1",2022-11-07,2025-11-07
17726481,17726481,"CC","1",2021-03-10,2024-03-10
2795509,2795509,"CC","1",2021-09-13,2024-09-13
2795509,2795509,"CC","1",2022-04-20,2025-04-20
2517021,2517021,"CC","1",2021-03-22,2024-03-22
9733595,9733595,"CC","1",2020-06-19,2023-06-19
9733595,9733595,"CC","4",2020-07-31,2030-07-31
13980567,13980567,"CC","1",2021-06-11,2024-06-11
10075417,10075417,"CC","1",2021-02-05,2024-02-05
18651157,18651157,"CC","1",2021-10-05,2024-10-05
2184701,2184701,"CC","4",2022-03-25,2042-03-25
3082573,3082573,"CC","1",2020-04-16,2023-04-16
9978239,9978239,"CC","4",2009-03-17,2019-03-17
14234805,14234805,"CC","4",2016-02-17,2036-02-17
7062725,7062725,"CC","1",2021-08-02,2024-08-02
3347252,3347252,"CC","2",2021-01-05,2024-01-05
2133974,2133974,"CC","1",2021-10-01,2024-10-01
18543051,18543051,"CC","1",2021-09-16,2024-09-16
8403264,8403264,"CC","1",2022-06-08,2025-06-08
9846801,9846801,"CC","1",2020-12-08,2023-12-08
2795509,2795509,"CC","1",2021-01-25,2024-01-25
18651157,18651157,"CC","0",2020-01-10,2023-01-10
5343499,5343499,"CC","1",2021-09-03,2024-09-03
3347252,3347252,"CC","1",2021-06-23,2024-06-23
18640097,18640097,"CC","1",2021-04-20,2024-04-20
9733595,9733595,"CC","1",2020-08-20,2023-08-20
9978239,9978239,"CC","1",2022-08-02,2025-08-02
18640097,18640097,"CC","1",2021-02-22,2024-02-22
10317261,10317261,"CC","1",2021-02-18,2024-02-18
868674,868674,"CC","1",2020-10-06,2023-10-06
19033273,19033273,"CC","1",2021-02-10,2024-02-10
18389959,18389959,"CC","4",2017-04-27,2037-04-27
18389959,18389959,"CC","3",2017-04-27,2022-04-27
11734957,11734957,"CC","1",2020-07-27,2023-07-27
12947635,12947635,"CC","1",2020-08-12,2023-08-12
11734957,11734957,"CC","1",2020-08-31,2025-08-31
7062725,7062725,"CC","2",2020-06-03,2025-06-03
12947635,12947635,"CC","1",2020-12-15,2023-12-15
18389959,18389959,"CC","4",2018-01-17,2038-01-17
3950533,3950533,"CC","1",2021-10-18,2024-10-18
11734957,11734957,"CC","1",2021-03-03,2024-03-03
1328526,1328526,"CC","1",2017-12-29,2020-12-29
15774080,15774080,"CC","1",2022-06-13,2025-06-13
11734957,11734957,"CC","1",2017-11-21,2020-11-21
12117857,12117857,"CC","1",2014-07-14,2017-07-14
17106299,17106299,"CC","1",2021-03-15,2024-03-15
11734957,11734957,"CC","1",2020-08-17,2025-08-17
11734957,11734957,"CC","1",2021-05-12,2024-05-12
11734957,11734957,"CC","1",2021-07-26,2024-07-26
11734957,11734957,"CC","1",2021-04-14,2024-04-14
13980567,13980567,"CC","2",2021-02-26,2026-02-26
6257900,6257900,"CC","1",2015-12-14,2018-12-14
11231069,11231069,"CC","1",2010-10-11,2013-10-11
15567152,15567152,"CC","1",2010-07-19,2013-07-19
15741033,15741033,"CC","1",2017-11-30,2020-11-30
11313779,11313779,"CC","4",2010-07-09,2030-07-09
16250422,16250422,"CC","1",2010-10-07,2013-10-07
3417057,3417057,"CC","1",2014-06-30,2017-06-30
3417057,3417057,"CC","1",2014-07-29,2017-07-29
3417057,3417057,"CC","1",2014-06-27,2017-06-27
1730024,1730024,"CC","1",2007-03-01,2010-03-01
1110178,1110178,"CC","1",2016-09-22,2019-09-22
9978239,9978239,"CC","1",2022-08-11,2025-08-11
8543410,8543410,"CC","1",2007-06-07,2010-06-07
8543410,8543410,"CC","1",2007-06-07,2010-06-07
8543410,8543410,"CC","1",2007-06-07,2010-06-07
6696839,6696839,"CC","1",2021-01-07,2024-01-07
6325896,6325896,"CC","1",2022-01-31,2025-01-31
7309430,7309430,"CC","4",2017-11-06,2037-11-06
8103410,8103410,"CC","1",2014-11-24,2017-11-24
13602342,13602342,"CC","1",2011-11-30,2014-11-30
15508830,15508830,"CC","1",2021-07-19,2024-07-19
19104656,19104656,"CC","1",2015-07-20,2018-07-20
11734957,11734957,"CC","3",2021-05-18,2026-05-18
9978239,9978239,"CC","4",2009-03-17,2019-03-17
9978239,9978239,"CC","1",2022-08-04,2025-08-04
4855542,4855542,"CC","1",2022-08-19,2025-08-19
2184701,2184701,"CC","1",2019-08-16,2022-08-16
9978239,9978239,"CC","4",2022-07-18,2032-07-18
7070142,7070142,"CC","1",2021-10-20,2024-10-20
9978239,9978239,"CC","1",2022-08-09,2025-08-09
8103410,8103410,"CC","1",2009-06-12,2012-06-12
7062725,7062725,"CC","4",2018-01-09,2038-01-09
11734957,11734957,"CC","1",2022-09-12,2025-09-12
12947635,12947635,"CC","2",2021-12-23,2026-12-23
1763980,1763980,"CC","1",2021-12-20,2024-12-20
15774080,15774080,"CC","1",2022-11-10,2025-11-10
12947635,12947635,"CC","2",2021-10-14,2026-10-14
7062725,7062725,"CC","1",2018-04-20,2021-04-20
5610779,5610779,"CC","1",2021-12-23,2024-12-23
18625785,18625785,"CC","1",2022-09-13,2025-09-13
5610779,5610779,"CC","1",2022-09-27,2025-09-27
18444310,18444310,"CC","1",2022-09-23,2025-09-23
18444310,18444310,"CC","1",2022-09-23,2025-09-23
9594981,9594981,"CC","1",2018-06-29,2021-06-29
7062725,7062725,"CC","1",2021-04-13,2024-04-13
8897534,8897534,"CC","1",2020-09-15,2023-09-15
18444310,18444310,"CC","1",2021-12-30,2024-12-30
15508830,15508830,"CC","1",2022-09-26,2025-09-26
2795509,2795509,"CC","1",2018-08-31,2021-08-31
9978239,9978239,"CC","1",2022-08-16,2025-08-16
13654847,13654847,"BA","4",1996-02-01,2015-12-31
13602342,13602342,"BA","2",1997-01-13,2001-12-31
11573797,11573797,"BA","2",2004-07-09,2008-12-31
4205225,4205225,"BA","2",2002-12-31,2006-12-31
10317261,10317261,"BA","2",2003-09-01,2007-12-31
11313779,667418,"BA","2",2004-12-31,2008-12-31
10317261,10317261,"BA","2",2003-09-01,2007-12-31
11313779,11313779,"BA","2",2004-12-31,2006-12-31
9733595,9733595,"BA","2",2006-11-13,2010-12-31
9733595,9733595,"BA","2",2003-12-31,2007-12-31
9733595,9733595,"BA","3",2006-11-13,2010-12-31
19126115,19126115,"BA","2",2006-05-12,2010-12-31
19126115,19126115,"BA","4",2001-05-12,2020-12-31
19126115,19126115,"BA","4",2001-05-12,2010-12-31
19126115,19126115,"BA","2",2004-12-31,2008-12-31
8265844,8265844,"BA","2",2004-12-31,2006-12-31
8265844,8265844,"BA","2",2006-04-27,2010-12-31
11573797,11573797,"BA","2",2004-07-09,2008-12-31
13654847,13654847,"BA","4",1996-04-01,2015-12-31
4205225,4205225,"BA","2",2004-09-01,2008-12-31
4205225,4205225,"BA","2",2004-09-01,2008-12-31
6924887,5775954,"BA","2",1992-12-31,1996-12-31
8657106,8657106,"BA","4",1995-07-24,2004-12-31
9483392,9483392,"BA","2",2006-12-31,2010-12-31
2470777,2470777,"BA","4",2011-09-19,2030-12-31
11754001,11754001,"BA","2",2009-12-14,2013-12-31
10317261,10317261,"BA","2",2002-12-31,2006-12-31
10317261,10317261,"BA","2",1999-12-31,2003-12-31
13602342,13602342,"DEPUTYSHIP","4",2007-02-03,2009-08-03
3570956,3570956,"BA","4",1998-10-01,2017-12-31
12609495,12609495,"BA","2",2007-10-23,2011-12-31
3417454,3417454,"BA","4",2002-01-16,2011-12-31
19104656,19104656,"BA","4",2002-02-20,2011-12-31
10317261,10317261,"BA","2",1998-12-31,2002-12-31
4642272,4642272,"BA","2",2011-12-31,2015-12-31
17726481,17726481,"BA","2",2003-12-31,2007-12-31
2470777,2470777,"BA","4",2003-10-28,2012-12-31
14591905,14591905,"BA","2",2000-12-31,2004-12-31
17726481,17726481,"BA","2",2004-02-25,2008-12-31
2973278,2973278,"BA","2",2004-12-31,2008-12-31
10317261,10317261,"BA","2",2003-09-01,2007-12-31
10317261,10317261,"BA","2",1997-12-31,2001-12-31
11573797,11573797,"BA","4",2008-03-12,2017-12-31
9733595,9733595,"BA","2",2006-11-13,2010-12-31
9733595,9733595,"BA","3",2006-11-13,2010-12-31
9733595,9733595,"BA","2",2004-12-31,2008-12-31
11754001,11754001,"BA","2",2005-12-31,2009-12-31
11754001,11754001,"BA","2",2007-12-31,2011-12-31
9733595,9733595,"BA","3",2006-11-13,2010-12-31
9733595,9733595,"BA","2",2002-12-31,2006-12-31
9733595,9733595,"BA","2",2005-12-31,2009-12-31
2470777,2470777,"BA","2",2008-10-28,2012-12-31
4642272,4642272,"BA","2",2008-12-31,2007-12-31
12609495,12609495,"BA","2",2006-12-31,2010-12-31
14591905,14591905,"BA","2",1999-12-31,2003-12-31
2492654,2492654,"BA","2",2010-12-31,2014-12-31
4205225,4205225,"BA","2",2005-12-31,2009-12-31
12609495,12609495,"BA","2",2006-12-31,2010-12-31
3498610,3498610,"BA","4",2009-02-24,2028-12-31
2470777,2470777,"BA","2",2011-11-09,2015-12-31
4205225,4205225,"BA","2",2003-12-31,2007-12-31
11313779,667418,"BA","4",2004-12-31,2023-12-31
8265844,8265844,"BA","2",2004-12-31,2008-12-31
8265844,8265844,"BA","2",2004-12-31,2006-12-31
8265844,8265844,"BA","2",2006-04-27,2010-12-31
14697145,14697145,"BA","2",2006-12-31,2010-12-31
12609495,12609495,"BA","2",2007-09-25,2011-12-31
11754001,11754001,"BA","2",2005-12-31,2009-12-31
8265844,8265844,"BA","2",2005-12-31,2009-12-31
8265844,8265844,"BA","2",2005-12-31,2009-12-31
8265844,8265844,"BA","2",2005-12-31,2009-12-31
8265844,8265844,"BA","2",2005-12-31,2009-12-31
8265844,8265844,"BA","2",2004-12-31,2008-12-31
8265844,8265844,"BA","2",2004-12-31,2008-12-31
8265844,8265844,"BA","2",2004-12-31,2008-12-31
8265844,8265844,"BA","2",2006-04-27,2010-12-31
10274399,10274399,"BA","2",2005-12-31,2009-12-31
2470777,2470777,"BA","2",2007-12-31,2011-12-31
13980567,13980567,"BA","2",2009-12-31,2013-12-31
13980567,13980567,"BA","2",2011-12-31,2015-12-31
13980567,13980567,"BA","4",2012-12-06,2031-12-31
2746041,2746041,"BA","2",2011-12-31,2010-12-31
2746041,2746041,"BA","2",2013-07-11,2012-12-31
8103410,8103410,"BA","2",2009-12-31,2008-12-31
19126115,19126115,"BA","2",2005-12-31,2009-12-31
2470777,2470777,"BA","2",2006-12-31,2010-12-31
8265844,8265844,"BA","2",2010-12-31,2014-12-31
8265844,8265844,"BA","2",2010-12-31,2014-12-31
8265844,8265844,"BA","2",2010-12-31,2014-12-31
8265844,8265844,"BA","2",2011-12-31,2015-12-31
8265844,8265844,"BA","2",2011-12-31,2015-12-31
8265844,8265844,"BA","2",2012-12-31,2016-12-31
8265844,8265844,"BA","2",2012-12-31,2016-12-31
8543410,8543410,"BA","4",2002-08-29,2021-12-31
13980567,13980567,"BA","2",2009-12-31,2013-12-31
8103410,8103410,"BA","2",2012-12-31,2011-12-31
2470777,2470777,"BA","4",2003-10-28,2022-12-31
13980567,13980567,"BA","2",2011-12-31,2015-12-31
13980567,13980567,"BA","4",2012-12-06,2031-12-31
13980567,13980567,"BA","2",2012-12-06,2016-12-31
2470777,2470777,"BA","2",2011-09-19,2015-12-31
2470777,2470777,"BA","2",2011-06-06,2015-12-31
2470777,2470777,"BA","2",2011-03-10,2015-12-31
2470777,2470777,"BA","2",2010-11-26,2014-12-31
2470777,2470777,"BA","2",2010-06-14,2014-12-31
2470777,2470777,"BA","2",2010-02-10,2014-12-31
2470777,2470777,"BA","4",2009-12-31,2028-12-31
2746041,2746041,"BA","2",2010-12-31,2014-12-31
13980567,13980567,"BA","2",2011-12-31,2015-12-31
13980567,13980567,"BA","4",2012-12-06,2031-12-31
13980567,13980567,"BA","2",2012-12-06,2016-12-31
2470777,2470777,"BA","2",2011-09-19,2015-12-31
2470777,2470777,"BA","2",2011-06-06,2015-12-31
2470777,2470777,"BA","2",2011-03-10,2015-12-31
2470777,2470777,"BA","2",2010-11-26,2014-12-31
2470777,2470777,"BA","2",2010-06-14,2014-12-31
2470777,2470777,"BA","2",2010-02-10,2014-12-31
2470777,2470777,"BA","4",2009-12-31,2028-12-31
2746041,2746041,"BA","2",2010-12-31,2014-12-31
11138899,11138899,"BA","2",2012-06-14,2016-12-31
13980567,13980567,"BA","2",2011-12-31,2015-12-31
8265844,8265844,"BA","2",2010-12-31,2014-12-31
8265844,8265844,"BA","2",2012-12-31,2016-12-31
8265844,8265844,"BA","4",2013-02-27,2015-12-31
3498610,3498610,"BA","2",2009-02-24,2013-12-31
13980567,13980567,"BA","2",2011-12-31,2015-12-31
11138899,11138899,"BA","2",2012-06-14,2016-12-31
8103410,8103410,"BA","2",2010-12-31,2009-12-31
8265844,8265844,"BA","2",2010-12-31,2014-12-31
8265844,8265844,"BA","2",2012-12-31,2016-12-31
2746041,2746041,"BA","2",2011-12-31,2010-12-31
2470777,2470777,"BA","2",2009-10-21,2013-12-31
2746041,2746041,"BA","2",2013-07-11,2012-12-31
11138899,11138899,"BA","2",2011-12-31,2010-12-31
8265844,8265844,"BA","2",2010-12-31,2014-12-31
8265844,8265844,"BA","4",2006-12-31,2025-12-31
8265844,8265844,"BA","4",2007-05-24,2026-12-31
19126115,19126115,"BA","4",2014-04-03,2033-12-31
19126115,19126115,"BA","4",2012-06-13,2031-12-31
19126115,19126115,"BA","4",2012-04-24,2031-12-31
19126115,19126115,"BA","2",2011-12-31,2015-12-31
13980567,13980567,"BA","2",2011-12-31,2015-12-31
8265844,8265844,"BA","2",2010-12-31,2014-12-31
8265844,8265844,"BA","2",2010-12-31,2014-12-31
8265844,8265844,"BA","2",2010-12-31,2014-12-31
8265844,8265844,"BA","2",2010-12-31,2014-12-31
8265844,8265844,"BA","2",2010-12-31,2014-12-31
8265844,8265844,"BA","2",2011-12-31,2015-12-31
8265844,8265844,"BA","4",2013-02-27,2032-12-31
13695859,13695859,"BA","2",2009-12-31,2013-12-31
2470777,2470777,"BA","2",2011-11-24,2015-12-31
2470777,2470777,"BA","2",2011-05-23,2015-12-31
18930522,18930522,"BA","2",2010-12-31,2014-12-31
18930522,18930522,"BA","2",2010-12-31,2014-12-31
11138899,11138899,"BA","2",2010-12-31,2012-12-31
2492654,2492654,"BA","2",2010-12-31,2014-12-31
9716257,9716257,"BA","4",2011-09-01,2030-12-31
2470777,2470777,"BA","2",2012-08-17,2016-12-31
2470777,2470777,"BA","2",2009-03-11,2013-12-31
8265844,8265844,"BA","2",2011-12-31,2015-12-31
13980567,13980567,"BA","2",2008-12-31,2012-12-31
13980567,13980567,"BA","2",2011-12-31,2015-12-31
13980567,13980567,"BA","2",2011-12-31,2015-12-31
19126115,19126115,"BA","4",2014-04-03,2033-12-31
19126115,19126115,"BA","4",2013-04-09,2032-12-31
19126115,19126115,"BA","4",1997-12-31,2016-12-31
13695859,13695859,"BA","2",2009-06-26,2013-12-31
13695859,13695859,"BA","2",2009-06-26,2013-12-31
16572842,16572842,"BA","2",2012-02-24,2011-12-31
7062725,7062725,"BA","2",2011-05-13,2015-12-31
2746041,2746041,"BA","2",2012-12-31,2011-12-31
19126115,19126115,"BA","4",2013-04-09,2032-12-31
19126115,19126115,"BA","2",2010-12-31,2014-12-31
5067492,5067492,"BA","2",2011-12-31,2015-12-31
14697145,6433909,"BA","2",2004-12-31,2008-12-31
2470777,2470777,"BA","4",2012-11-23,2021-12-31
2470777,2470777,"BA","2",2012-09-06,2016-12-31
2470777,2470777,"BA","2",2012-05-21,2016-12-31
2470777,2470777,"BA","2",2012-02-21,2016-12-31
12012487,12012487,"BA","2",2009-12-31,2013-12-31
7062725,7062725,"BA","4",2007-12-31,2026-12-31
7062725,7062725,"BA","4",2008-12-31,2027-12-31
3498610,3498610,"BA","3",2012-12-31,2016-12-31
6972727,6972727,"BA","2",2010-11-09,2014-12-31
12233766,12233766,"BA","2",2013-12-31,2017-12-31
14697145,6433909,"BA","2",2004-12-31,2008-12-31
8265844,8265844,"BA","4",2005-12-31,2024-12-31
8265844,8265844,"BA","2",2007-05-24,2011-12-31
5101874,5101874,"BA","2",2011-12-31,2015-12-31
12947635,12947635,"BA","2",2013-12-31,2017-12-31
8265844,8265844,"BA","2",2005-12-31,2009-12-31
19126115,19126115,"BA","4",2012-10-02,2031-12-31
19126115,19126115,"BA","4",2012-04-24,2031-12-31
19104656,19104656,"BA","4",2009-12-31,2018-12-31
19104656,19104656,"BA","4",2010-09-15,2019-12-31
3498610,3498610,"BA","2",2013-04-08,2017-12-31
7062725,7062725,"BA","4",2009-09-18,2028-12-31
12012487,12012487,"BA","2",2008-12-31,2012-12-31
19104656,19104656,"BA","2",2010-09-15,2014-12-31
5101874,5101874,"BA","2",2010-12-31,2014-12-31
14697145,14697145,"BA","2",2003-12-31,2007-12-31
14697145,14697145,"BA","2",2004-11-23,2008-12-31
14697145,14697145,"BA","3",2004-11-23,2008-12-31
5101874,5101874,"BA","2",2010-12-31,2014-12-31
18930522,18930522,"BA","2",2010-12-31,2014-12-31
11754001,11754001,"BA","2",2011-12-31,2015-12-31
11754001,11754001,"BA","2",2013-09-27,2017-12-31
11754001,14528923,"BA","2",2011-12-31,2015-12-31
14234805,14234805,"BA","2",2014-12-19,2018-12-31
14234805,14234805,"BA","2",2014-12-19,2018-12-31
14234805,14234805,"BA","3",2014-12-19,2018-12-31
14697145,6433909,"BA","2",2003-12-31,2007-12-31
3498610,3498610,"BA","2",2011-12-31,2015-12-31
13695859,13695859,"BA","2",2009-09-24,2013-12-31
12012487,12012487,"BA","2",2009-12-31,2013-12-31
12012487,12012487,"BA","2",2010-03-31,2014-12-31
8265844,8265844,"BA","2",2006-12-31,2010-12-31
8265844,8265844,"BA","3",2007-05-24,2011-12-31
18640097,18640097,"BA","4",2016-12-31,2035-12-31
18640097,18640097,"BA","2",2016-12-31,2020-12-31
5067492,5067492,"BA","2",2011-12-31,2015-12-31
14697145,6433909,"BA","3",2004-12-31,2008-12-31
11754001,11754001,"BA","2",2008-12-31,2012-12-31
11754001,11754001,"BA","2",2013-09-27,2017-12-31
12012487,12012487,"BA","2",2008-12-31,2012-12-31
9696030,9696030,"BA","4",2009-12-31,2028-12-31
9696030,9696030,"BA","2",2010-11-19,2014-12-31
9696030,9696030,"BA","4",2010-11-19,2029-12-31
7062725,7062725,"BA","2",2009-09-18,2013-12-31
9696030,9696030,"BA","4",2010-11-19,2029-12-31
6272109,6272109,"BA","2",2017-12-31,2021-12-31
6272109,6272109,"BA","2",2016-12-31,2020-12-31
18444310,18444310,"BA","2",2013-12-31,2017-12-31
8103410,8103410,"BA","2",2015-12-31,2019-12-31
18444310,18444310,"BA","2",2011-12-31,2015-12-31
18640097,18640097,"BA","4",2015-12-31,2034-12-31
18640097,18640097,"BA","4",2014-12-31,2033-12-31
15040241,15040241,"BA","2",2016-12-31,2020-12-31
8265844,8265844,"BA","2",2012-12-31,2016-12-31
8265844,8265844,"BA","4",1997-12-31,2016-12-31
8265844,8265844,"BA","2",2012-12-31,2016-12-31
14234805,14234805,"BA","2",2017-04-04,2021-12-31
18640097,18640097,"BA","2",2017-02-20,2021-12-31
18640097,18640097,"BA","4",2014-12-31,2033-12-31
6696839,6696839,"BA","2",2018-12-31,2022-12-31
8265844,8265844,"BA","2",2012-12-31,2016-12-31
6696839,6696839,"BA","2",2018-12-31,2022-12-31
8265844,8265844,"BA","2",2012-12-31,2016-12-31
19073528,19073528,"BA","4",2004-12-31,2023-12-31
8265844,8265844,"BA","2",2011-12-31,2015-12-31
14234805,14234805,"BA","4",2015-12-31,2034-12-31
14234805,14234805,"BA","2",2013-12-31,2017-12-31
14234805,14234805,"BA","2",2017-04-04,2021-12-31
14234805,14234805,"BA","4",2014-12-31,2033-12-31
14234805,14234805,"BA","4",2012-12-31,2031-12-31
12947635,12947635,"BA","2",2019-02-25,2023-12-31
13654847,13654847,"BA","4",2018-10-05,2037-12-31
3347252,3347252,"BA","2",2020-12-31,2024-12-31
14234805,14234805,"BA","4",2016-12-31,2035-12-31
14234805,14234805,"BA","2",2012-12-31,2016-12-31
14234805,14234805,"BA","2",2015-12-31,2019-12-31
10317261,10317261,"BA","4",2019-12-31,2038-12-31
10317261,10317261,"BA","2",2018-12-31,2022-12-31
10317261,10317261,"BA","2",2020-07-21,2024-12-31
10317261,10317261,"BA","4",2018-12-31,2037-12-31
18640097,18640097,"BA","4",2016-12-31,2035-12-31
3347252,3347252,"BA","2",2018-12-31,2022-12-31
3347252,3347252,"BA","2",2021-12-31,2025-12-31
9978239,9978239,"BA","2",2015-12-31,2019-12-31
9978239,9978239,"BA","4",2013-12-31,2032-12-31
8265844,8265844,"BA","2",2011-12-31,2015-12-31
8265844,8265844,"BA","2",2011-12-31,2015-12-31
2470777,2470777,"BA","4",2001-12-31,2020-12-31
12947635,12947635,"BA","2",2015-12-31,2017-12-31
14234805,14234805,"BA","4",2013-12-31,2032-12-31
10317261,10317261,"BA","2",2019-12-31,2023-12-31
15040241,15040241,"BA","2",2016-12-31,2020-12-31
3347252,3347252,"BA","2",2019-12-31,2023-12-31
2184701,2184701,"BA","2",2020-09-30,2024-12-31
2184701,2184701,"BA","4",2017-12-31,2036-12-31
2184701,2184701,"BA","4",2018-12-31,2037-12-31
18640097,18640097,"BA","2",2017-02-20,2021-12-31
2184701,2184701,"BA","2",2017-10-16,2021-12-31
10317261,10317261,"BA","4",2017-12-31,2036-12-31
14234805,14234805,"BA","4",2014-12-19,2023-12-31
3347252,3347252,"BA","2",2018-12-31,2022-12-31
3347252,3347252,"BA","2",2017-12-31,2021-12-31
3347252,3347252,"BA","2",2021-09-29,2025-12-31
3347252,3347252,"BA","2",2020-12-31,2024-12-31
11335628,11335628,"BA","2",2020-12-31,2024-12-31
15040241,15040241,"BA","2",2016-12-31,2020-12-31
13418229,13418229,"BA","2",2016-12-31,2020-12-31
12947635,12947635,"BA","2",2013-12-31,2017-12-31
10317261,10317261,"BA","2",2018-12-31,2022-12-31
11841120,11841120,"BA","2",2020-07-24,2024-12-31
2184701,2184701,"BA","2",2020-09-30,2024-12-31
2184701,2184701,"BA","4",2019-12-31,2038-12-31
2184701,2184701,"BA","4",2018-12-31,2037-12-31
18640097,18640097,"BA","4",2019-12-31,2038-12-31
2470777,2470777,"BA","4",2017-12-31,2036-12-31
2470777,2470777,"BA","4",2018-12-31,2037-12-31
18640097,18640097,"BA","4",2015-12-31,2034-12-31
14234805,14234805,"BA","4",2014-12-31,2033-12-31
13418229,13418229,"BA","2",2019-06-17,2023-12-31
15040241,15040241,"BA","2",2016-12-31,2020-12-31
12609495,12609495,"BA","4",2021-11-05,2030-12-31
11231069,11231069,"BA","2",2019-12-31,2023-12-31
11231069,11231069,"BA","2",2020-12-31,2024-12-31
15508830,15508830,"BA","2",2017-12-31,2021-12-31
12947635,12947635,"BA","4",2016-12-31,2035-12-31
3347252,3347252,"BA","2",2019-12-31,2023-12-31
11231069,11231069,"BA","2",2020-12-31,2024-12-31
15508830,15508830,"BA","2",2017-12-31,2021-12-31
12947635,12947635,"BA","4",2016-12-31,2035-12-31
3347252,3347252,"BA","2",2019-12-31,2023-12-31
15040241,15040241,"BA","2",2016-12-31,2020-12-31
11231069,11231069,"BA","2",2019-12-31,2023-12-31
2184701,2184701,"BA","4",2020-09-30,2039-12-31
2184701,2184701,"BA","2",2017-12-31,2021-12-31
2184701,2184701,"BA","2",2018-12-31,2022-12-31
2184701,2184701,"BA","2",2019-12-31,2023-12-31
15508830,15508830,"BA","2",2017-12-31,2019-12-31
2832573,2832573,"BA","2",2008-12-31,2012-12-31
12609495,12609495,"BA","2",2021-11-05,2025-12-31
12947635,12947635,"BA","2",2018-12-31,2022-12-31
12947635,12947635,"BA","2",2018-12-31,2022-12-31
11231069,11231069,"BA","2",2021-11-22,2025-12-31
13418229,13418229,"BA","2",2016-12-31,2020-12-31
12947635,12947635,"BA","2",2014-12-31,2018-12-31
12947635,12947635,"BA","2",2015-12-31,2019-12-31
12947635,12947635,"BA","4",2007-12-31,2026-12-31
10317261,10317261,"BA","4",2018-12-31,2037-12-31
10317261,10317261,"BA","4",2019-12-31,2038-12-31
10317261,10317261,"BA","2",2019-12-31,2023-12-31
12947635,12947635,"BA","4",2018-12-31,2037-12-31
12947635,12947635,"BA","2",2019-03-15,2023-12-31
12947635,12947635,"BA","4",2016-12-31,2035-12-31
12609495,12609495,"BA","2",2018-12-31,2022-12-31
12609495,12609495,"BA","2",2019-12-31,2023-12-31
12609495,12609495,"BA","2",2021-11-05,2025-12-31
11231069,11231069,"BA","2",2021-11-15,2025-12-31
18640097,18640097,"BA","4",2019-12-31,2038-12-31
18640097,18640097,"BA","4",2020-12-31,2039-12-31
13654847,13654847,"BA","2",2018-10-05,2022-12-31
12947635,12947635,"BA","2",2015-12-31,2019-12-31
9978239,9978239,"BA","2",2016-12-31,2020-12-31
5101874,5101874,"BA","2",2011-12-31,2015-12-31
13418229,13418229,"BA","2",2018-06-25,2022-12-31
2184701,2184701,"BA","2",2017-05-05,2021-12-31
2184701,2184701,"BA","4",2017-05-05,2036-12-31
2184701,2184701,"BA","2",2016-12-31,2020-12-31
15508830,15508830,"BA","2",2016-12-31,2018-12-31
12947635,12947635,"BA","4",2015-12-31,2034-12-31
12947635,12947635,"BA","4",2017-12-31,2036-12-31
9978239,9978239,"BA","2",2016-12-31,2020-12-31
9978239,9978239,"BA","2",2013-12-31,2017-12-31
9978239,9978239,"BA","4",2014-12-31,2033-12-31
5372185,5372185,"PUB KK03","4",2012-03-23,2022-03-23
12609495,12609495,"BA","2",2017-12-31,2021-12-31
12609495,12609495,"BA","2",2018-12-31,2022-12-31
3498610,3498610,"BA","2",2016-12-31,2020-12-31
11231069,11231069,"BA","2",2020-12-31,2024-12-31
11231069,11231069,"BA","2",2019-12-31,2023-12-31
9978239,9978239,"BA","2",2016-12-31,2020-12-31
9978239,9978239,"BA","4",2013-12-31,2032-12-31
7841444,7841444,"PUB KK06","4",2001-11-02,2011-11-02
7841444,7841444,"PUB KK04","4",2000-09-08,2020-09-08
7841444,7841444,"PUB KK02","4",2000-06-23,2010-06-23
9978239,9978239,"PUB KK02","4",2008-07-18,2018-07-18
9978239,9978239,"PUB KK04","4",2009-01-30,2029-01-30
9978239,9978239,"PUB KK06","4",2009-03-13,2019-03-13
7841444,7841444,"PUB KK06","4",2001-11-02,2011-11-02
7841444,7841444,"PUB KK04","4",2000-09-08,2020-09-08
7841444,7841444,"PUB KK02","4",2000-06-23,2010-06-23
9978239,9978239,"PUB KK02","4",2008-07-18,2018-07-18
9978239,9978239,"PUB KK04","4",2009-01-30,2029-01-30
9978239,9978239,"PUB KK06","4",2009-03-13,2019-03-13
18640097,18640097,"BA","2",2016-12-31,2020-12-31
5845465,5845465,"PUB KK02","4",2017-11-24,2027-11-24
5845465,5845465,"PUB KK04","4",2018-02-23,2028-02-23
5845465,5845465,"PUB KK06","4",2018-06-29,2028-06-29
15040241,15040241,"BA","2",2016-12-31,2020-12-31
9978239,9978239,"BA","4",2017-12-31,2036-12-31
1450165,1450165,"BA","2",2016-12-31,2020-12-31
9978239,9978239,"BA","2",2015-12-31,2019-12-31
9978239,9978239,"BA","2",2017-12-31,2021-12-31
9978239,9978239,"BA","2",2014-12-31,2018-12-31
9978239,9978239,"BA","3",2017-12-31,2021-12-31
18640097,18640097,"BA","4",2021-12-31,2040-12-31
9978239,9978239,"BA","2",2014-12-31,2018-12-31
9978239,9978239,"BA","2",2017-12-31,2021-12-31
9978239,9978239,"BA","2",2013-12-31,2017-12-31
9978239,9978239,"BA","4",2016-12-31,2035-12-31
2470777,2470777,"PUB SB01","4",2000-01-14,2010-01-14
2470777,2470777,"PUB SB01","4",2000-01-14,2010-01-14
7062725,7062725,"PUB SB02","2",2019-05-16,2029-05-16
7062725,7062725,"PUB KK03","4",2012-07-10,2022-07-10
7062725,7062725,"PUB SB02","2",2018-06-13,2028-06-13
7062725,7062725,"PUB SB02","2",2018-06-13,2028-06-13
7062725,7062725,"PUB KK01","4",2012-04-20,2022-04-20
7062725,7062725,"PUB SB02","2",2019-04-30,2029-04-30
9733595,9733595,"PUB KK03","4",2007-12-07,2017-12-07
9733595,9733595,"PUB KK03","4",2010-08-20,2020-08-20
7062725,10592637,"PUB HR02","4",2012-04-26,2032-04-26
7062725,7062725,"PUB SB02","2",2019-05-16,2029-05-16
7062725,7062725,"PUB KK03","4",2012-07-10,2022-07-10
7062725,7062725,"PUB SB02","2",2018-06-13,2028-06-13
7062725,7062725,"PUB SB02","2",2018-06-13,2028-06-13
7062725,7062725,"PUB KK01","4",2012-04-20,2022-04-20
7062725,7062725,"PUB SB02","2",2019-04-30,2029-04-30
9733595,9733595,"PUB KK03","4",2007-12-07,2017-12-07
9733595,9733595,"PUB KK03","4",2010-08-20,2020-08-20
7062725,10592637,"PUB HR02","4",2012-04-26,2032-04-26
9978239,1934948,"PUB KK03","4",2006-02-17,2016-02-17
6091833,6091833,"PUB SB01","4",1998-11-27,2008-11-27
9232442,9232442,"PUB 301","4",2007-12-24,2027-12-24
14234805,14234805,"PUB SB02","2",2022-10-27,2032-10-27
14234805,14234805,"PUB SB02","2",2022-06-10,2032-06-10
18444310,18444310,"BA","2",2014-12-31,2018-12-31
14234805,14234805,"PUB SB02","2",2022-10-27,2032-10-27
14234805,14234805,"PUB SB02","2",2022-06-10,2032-06-10
18444310,18444310,"BA","2",2014-12-31,2018-12-31
14234805,14234805,"PUB SB02","2",2022-10-27,2032-10-27
14234805,14234805,"PUB SB02","2",2022-06-10,2032-06-10
18444310,18444310,"BA","2",2014-12-31,2018-12-31
14234805,14234805,"PUB SB02","2",2022-10-27,2032-10-27
14234805,14234805,"PUB SB02","2",2022-06-10,2032-06-10
18444310,18444310,"BA","2",2014-12-31,2018-12-31
14234805,14234805,"PUB SB02","2",2022-10-27,2032-10-27
14234805,14234805,"PUB SB02","2",2022-06-10,2032-06-10
18444310,18444310,"BA","2",2014-12-31,2018-12-31
9696030,9696030,"PUB KK04","4",2003-11-21,2023-11-21
9696030,9696030,"PUB KK06","4",2004-02-06,2014-02-06
9696030,9696030,"PUB KK01","4",2003-08-13,2013-08-13
9696030,9696030,"PUB KK02","4",2003-10-03,2013-10-03
11734957,11734957,"PUB SB01","4",1997-09-05,2007-09-05
18389959,18389959,"PUB SB02","2",2022-10-24,2032-10-24
18389959,18389959,"PUB SB02","2",2022-10-24,2032-10-24
18389959,18389959,"PUB SB02","2",2022-10-24,2032-10-24
15793229,15793229,"PUB KK10","4",2006-01-25,2026-01-25
